eventId,minute,second,teamId,x,y,playerId,type/displayName,type/value
2,0,0.0,65,0.0,0.0,,Start,32
2,0,0.0,833,0.0,0.0,,Start,32
3,0,1.0,833,50.8,51.5,303800.0,Pass,1
4,0,4.0,833,28.4,58.4,316957.0,Pass,1
5,0,7.0,833,66.6,24.7,303800.0,BallTouch,61
3,0,8.0,65,27.9,80.6,5.0,BallRecovery,49
4,0,9.0,65,30.6,64.3,5.0,Pass,1
5,0,13.0,65,26.4,22.4,28.0,Pass,1
6,0,18.0,65,29.2,37.7,4.0,Pass,1
7,0,23.0,65,39.8,70.3,23.0,Pass,1
8,0,28.0,65,43.9,33.1,4.0,Pass,1
9,0,34.0,65,47.8,64.9,23.0,Pass,1
10,0,38.0,65,49.9,33.0,4.0,Pass,1
11,0,40.0,65,56.4,30.1,7.0,Pass,1
12,0,42.0,65,48.4,8.8,28.0,Pass,1
13,0,44.0,65,53.1,2.9,11.0,Pass,1
14,0,46.0,65,36.2,8.0,28.0,BallTouch,61
34,0,47.0,65,31.2,11.3,5.0,BallTouch,61
7,0,51.0,833,61.3,72.7,125246.0,BallRecovery,49
8,0,52.0,833,61.5,73.2,125246.0,Pass,1
9,0,54.0,833,74.5,89.0,303800.0,Pass,1
10,0,56.0,833,73.0,94.7,135098.0,Pass,1
15,0,57.0,65,15.9,30.6,4.0,Clearance,12
11027,1,,833,92.3,69.4,135098.0,OffsideGiven,10000
11,1,0.0,833,63.1,58.1,125246.0,Pass,1
12,1,5.0,833,56.8,32.7,14085.0,Pass,1
13,1,7.0,833,37.1,48.7,101130.0,Pass,1
14,1,9.0,833,45.3,68.5,118898.0,Pass,1
15,1,11.0,833,59.5,72.7,133808.0,Pass,1
16,1,14.0,833,52.2,83.2,118898.0,Pass,1
17,1,16.0,833,60.5,95.6,135098.0,Pass,1
18,1,17.0,833,55.9,77.5,133808.0,Pass,1
19,1,19.0,833,34.9,73.0,316957.0,Pass,1
20,1,20.0,833,44.0,67.2,118898.0,Pass,1
21,1,26.0,833,43.0,28.6,101130.0,Pass,1
22,1,29.0,833,48.1,41.8,125246.0,Pass,1
23,1,32.0,833,50.6,76.0,316957.0,Pass,1
24,1,34.0,833,60.3,94.5,135098.0,Pass,1
17,1,36.0,65,37.5,11.9,21.0,Interception,8
18,1,36.0,65,34.0,11.6,21.0,BallRecovery,49
19,1,40.0,65,33.6,2.9,21.0,Pass,1
25,1,40.0,833,63.4,79.9,133808.0,BallRecovery,49
26,1,41.0,833,67.2,82.2,133808.0,Pass,1
20,1,44.0,65,16.2,30.7,4.0,OffsideProvoked,55
27,1,44.0,833,74.5,64.9,303800.0,OffsidePass,2
22,2,7.0,65,8.3,34.8,1.0,Pass,1
23,2,8.0,65,23.5,74.2,23.0,Pass,1
24,2,14.0,65,36.6,46.6,4.0,Pass,1
25,2,16.0,65,41.1,68.5,23.0,Pass,1
26,2,22.0,65,52.5,33.1,4.0,Pass,1
27,2,25.0,65,50.8,12.0,28.0,Pass,1
30,2,28.0,833,10.3,75.9,109930.0,KeeperPickup,52
31,2,40.0,833,9.9,60.0,109930.0,Pass,1
32,2,42.0,833,17.4,37.0,101130.0,Pass,1
33,2,43.0,833,19.5,71.5,316957.0,Pass,1
34,2,44.0,833,27.5,66.1,118898.0,Pass,1
35,2,47.0,833,23.1,85.6,316957.0,Pass,1
36,2,48.0,833,25.6,78.2,118898.0,Pass,1
28,2,49.0,65,60.0,11.0,28.0,Pass,1
29,2,50.0,65,66.2,9.8,11.0,BallRecovery,49
30,2,50.0,65,66.2,9.8,11.0,Pass,1
37,2,53.0,833,27.4,61.7,125246.0,BallRecovery,49
38,2,53.0,833,28.5,63.5,125246.0,Pass,1
31,2,54.0,65,66.4,48.2,9.0,Challenge,45
39,2,54.0,833,33.6,51.8,402086.0,TakeOn,3
40,2,56.0,833,37.9,53.2,402086.0,Pass,1
41,3,0.0,833,24.6,43.7,125246.0,Pass,1
42,3,2.0,833,22.5,25.8,101130.0,Pass,1
32,3,6.0,65,23.0,82.6,23.0,Clearance,12
44,3,30.0,833,78.5,0.0,14085.0,Pass,1
35,3,31.0,65,9.4,88.7,18.0,Interception,8
36,3,32.0,65,6.9,92.0,18.0,BallRecovery,49
37,3,33.0,65,6.9,92.0,18.0,Pass,1
39,3,37.0,65,11.6,90.6,9.0,Foul,4
46,3,37.0,833,88.4,9.4,303800.0,Foul,4
40,3,52.0,65,18.4,88.1,23.0,Pass,1
41,3,53.0,65,32.1,47.0,4.0,Pass,1
42,3,56.0,65,43.7,70.5,23.0,Pass,1
43,4,1.0,65,47.5,39.7,16.0,Pass,1
44,4,3.0,65,55.4,5.0,28.0,Pass,1
45,4,6.0,65,40.0,30.0,4.0,Pass,1
46,4,9.0,65,44.4,70.6,23.0,Pass,1
47,4,11.0,65,53.0,58.1,5.0,Pass,1
48,4,16.0,65,53.6,34.3,4.0,Pass,1
49,4,20.0,65,55.3,62.6,23.0,Pass,1
50,4,22.0,65,59.9,87.7,7.0,Pass,1
51,4,26.0,65,51.0,43.3,4.0,Pass,1
52,4,28.0,65,51.0,15.2,28.0,Pass,1
53,4,31.0,65,57.0,12.5,11.0,Pass,1
47,4,33.0,833,39.1,83.6,316957.0,BallTouch,61
54,4,34.0,65,63.8,27.3,21.0,Pass,1
55,4,36.0,65,63.7,42.5,11.0,Pass,1
56,4,37.0,65,68.6,45.8,7.0,Pass,1
57,4,40.0,65,78.7,68.8,11.0,Pass,1
58,4,43.0,65,92.8,72.8,9.0,TakeOn,3
48,4,43.0,833,7.2,27.2,14085.0,Tackle,7
49,4,45.0,833,7.2,27.2,14085.0,CornerAwarded,6
59,4,45.0,65,92.8,72.8,9.0,CornerAwarded,6
60,5,10.0,65,99.5,99.5,11.0,Pass,1
61,5,13.0,65,95.7,51.5,4.0,MissedShots,13
52,5,50.0,833,4.9,50.7,109930.0,Pass,1
53,5,52.0,833,9.6,43.7,125246.0,Pass,1
54,5,53.0,833,35.8,54.6,133808.0,BallTouch,61
63,5,54.0,65,62.7,50.7,5.0,Pass,1
55,5,54.0,833,35.9,53.3,133808.0,BlockedPass,74
56,5,57.0,833,38.1,44.3,402086.0,Pass,1
57,5,59.0,833,45.4,28.6,133808.0,Dispossessed,50
64,5,59.0,65,54.6,71.4,16.0,Tackle,7
65,6,0.0,65,57.8,74.8,16.0,BallRecovery,49
66,6,4.0,65,64.1,57.5,16.0,Pass,1
67,6,7.0,65,66.7,34.0,11.0,Pass,1
68,6,12.0,65,68.5,46.6,16.0,Pass,1
69,6,13.0,65,64.3,64.6,5.0,Pass,1
70,6,14.0,65,68.9,70.8,9.0,Pass,1
71,6,15.0,65,67.7,68.7,5.0,Pass,1
72,6,18.0,65,68.1,49.7,9.0,Pass,1
73,6,25.0,65,63.6,40.0,4.0,Pass,1
74,6,26.0,65,62.5,67.5,23.0,Pass,1
75,6,28.0,65,63.7,41.6,4.0,Pass,1
76,6,32.0,65,60.6,64.8,23.0,Pass,1
77,6,34.0,65,61.4,37.1,4.0,Pass,1
78,6,36.0,65,70.1,43.9,7.0,BallTouch,61
79,6,37.0,65,67.6,44.5,5.0,Pass,1
80,6,38.0,65,70.2,35.8,11.0,Pass,1
81,6,40.0,65,79.3,16.5,7.0,Pass,1
82,6,42.0,65,90.6,12.3,28.0,Pass,1
59,7,5.0,833,4.6,48.1,109930.0,Pass,1
60,7,7.0,833,9.7,43.6,125246.0,Pass,1
61,7,13.0,833,42.2,25.4,14085.0,Pass,1
62,7,15.0,833,46.4,31.5,402086.0,Pass,1
63,7,19.0,833,74.5,7.0,273453.0,Pass,1
85,7,41.0,65,11.6,0.0,28.0,Pass,1
65,7,46.0,833,56.0,86.9,101130.0,Pass,1
87,7,50.0,65,18.7,33.4,4.0,Pass,1
66,7,55.0,833,59.6,23.2,273453.0,TakeOn,3
88,7,55.0,65,40.4,76.8,9.0,Challenge,45
67,7,55.0,833,59.8,21.2,273453.0,BallRecovery,49
68,7,56.0,833,59.2,21.8,273453.0,Pass,1
69,7,58.0,833,50.5,24.7,14085.0,Pass,1
70,8,2.0,833,47.3,31.9,125246.0,Pass,1
71,8,3.0,833,35.8,32.5,101130.0,Pass,1
72,8,5.0,833,40.9,66.1,316957.0,Pass,1
73,8,7.0,833,45.4,96.8,135098.0,Pass,1
74,8,9.0,833,55.9,96.6,133808.0,Pass,1
89,8,10.0,65,50.8,19.0,21.0,Dispossessed,50
75,8,10.0,833,49.2,81.0,135098.0,Tackle,7
90,8,12.0,65,44.0,32.7,5.0,Pass,1
76,8,18.0,833,32.6,28.0,101130.0,Pass,1
77,8,20.0,833,49.6,26.4,402086.0,Pass,1
78,8,21.0,833,55.8,4.4,14085.0,Pass,1
79,8,22.0,833,64.5,2.9,273453.0,Pass,1
80,8,24.0,833,72.2,14.4,14085.0,TakeOn,3
91,8,24.0,65,27.8,85.6,18.0,Challenge,45
81,8,26.0,833,82.8,16.1,14085.0,Pass,1
92,8,27.0,65,12.8,57.6,4.0,Clearance,12
93,8,28.0,65,21.6,58.7,5.0,Pass,1
82,8,32.0,833,61.0,61.6,135098.0,Pass,1
83,8,34.0,833,44.2,56.9,316957.0,Pass,1
84,8,36.0,833,41.5,30.7,101130.0,Pass,1
85,8,39.0,833,45.6,28.8,402086.0,Pass,1
86,8,41.0,833,38.9,30.1,101130.0,Pass,1
87,8,42.0,833,44.6,28.6,402086.0,Pass,1
88,8,43.0,833,61.0,13.1,14085.0,Pass,1
95,8,45.0,65,53.6,80.0,16.0,BallRecovery,49
96,8,45.0,65,53.6,80.0,16.0,Pass,1
97,8,51.0,65,91.4,72.7,21.0,BallTouch,61
89,8,52.0,833,5.8,35.7,101130.0,BallRecovery,49
90,8,52.0,833,5.7,36.4,101130.0,Pass,1
91,8,54.0,833,7.1,43.1,316957.0,Pass,1
92,8,56.0,833,8.8,26.1,273453.0,Dispossessed,50
98,8,56.0,65,91.2,73.9,9.0,Tackle,7
93,8,59.0,833,7.8,25.9,273453.0,Dispossessed,50
99,8,59.0,65,92.2,74.1,9.0,Tackle,7
94,9,0.0,833,9.6,27.9,273453.0,BallTouch,61
100,9,1.0,65,94.1,76.1,9.0,BallTouch,61
96,9,26.0,833,3.5,49.3,109930.0,Pass,1
97,9,27.0,833,11.7,51.0,125246.0,Pass,1
98,9,29.0,833,22.0,20.3,101130.0,Pass,1
99,9,32.0,833,61.9,23.0,303800.0,Pass,1
102,9,33.0,65,32.4,85.4,23.0,BallRecovery,49
103,9,33.0,65,30.8,83.0,23.0,Pass,1
104,9,39.0,65,8.8,63.4,1.0,Pass,1
105,9,45.0,65,35.0,41.5,4.0,Pass,1
106,9,50.0,65,44.6,74.4,23.0,Pass,1
107,9,54.0,65,54.9,37.7,4.0,Pass,1
108,9,58.0,65,57.1,51.8,7.0,Pass,1
109,10,0.0,65,53.2,69.3,23.0,Pass,1
110,10,2.0,65,54.4,92.1,18.0,Pass,1
111,10,4.0,65,45.7,69.3,23.0,Pass,1
112,10,9.0,65,47.0,34.3,4.0,Pass,1
113,10,17.0,65,56.9,67.6,23.0,Pass,1
114,10,20.0,65,58.4,41.9,4.0,Pass,1
115,10,22.0,65,58.7,28.3,21.0,Pass,1
116,10,29.0,65,61.6,12.9,11.0,Pass,1
117,10,31.0,65,63.8,28.3,5.0,Pass,1
118,10,34.0,65,73.4,24.6,21.0,Foul,4
100,10,34.0,833,26.6,75.4,316957.0,Foul,4
119,11,12.0,65,75.9,23.0,11.0,Pass,1
120,11,15.0,65,87.1,45.2,7.0,SavedShot,15
102,11,15.0,833,4.1,52.2,109930.0,Save,10
101,11,17.0,833,4.1,52.2,109930.0,KeeperPickup,52
103,11,24.0,833,7.4,47.5,109930.0,Pass,1
104,11,29.0,833,22.2,72.7,316957.0,Pass,1
105,11,33.0,833,20.8,94.7,135098.0,Pass,1
106,11,34.0,833,19.2,87.1,118898.0,Pass,1
107,11,35.0,833,29.1,92.1,133808.0,Pass,1
108,11,36.0,833,26.0,94.5,118898.0,Pass,1
109,11,38.0,833,38.9,88.1,303800.0,Pass,1
121,11,38.0,65,66.8,24.3,16.0,BallRecovery,49
122,11,38.0,65,66.8,24.3,16.0,Pass,1
123,11,39.0,65,73.6,20.7,21.0,Pass,1
124,11,42.0,65,68.2,26.1,11.0,Pass,1
110,11,43.0,833,28.7,72.7,303800.0,Interception,8
111,11,44.0,833,32.4,12.5,273453.0,BallRecovery,49
112,11,47.0,833,30.6,14.4,273453.0,Pass,1
113,11,49.0,833,35.6,29.7,402086.0,Pass,1
114,11,50.0,833,31.3,29.5,273453.0,Pass,1
115,11,53.0,833,18.2,43.4,101130.0,Pass,1
116,11,56.0,833,24.4,72.4,125246.0,Pass,1
117,11,58.0,833,38.0,68.7,133808.0,Dispossessed,50
125,11,58.0,65,62.0,31.3,21.0,Tackle,7
118,12,0.0,833,39.4,71.1,133808.0,BallTouch,61
126,12,0.0,65,67.7,37.4,7.0,BallRecovery,49
127,12,1.0,65,67.6,38.6,7.0,Pass,1
119,12,1.0,833,38.5,64.2,402086.0,BlockedPass,74
120,12,4.0,833,42.3,62.3,303800.0,BallRecovery,49
121,12,5.0,833,42.3,62.9,303800.0,Pass,1
122,12,8.0,833,41.9,70.3,133808.0,Pass,1
123,12,11.0,833,52.8,94.2,135098.0,Pass,1
124,12,12.0,833,51.5,85.7,133808.0,Pass,1
125,12,13.0,833,55.7,89.1,135098.0,BallTouch,61
128,12,14.0,65,40.8,14.3,21.0,Pass,1
129,12,16.0,65,38.2,1.9,7.0,BallRecovery,49
130,12,17.0,65,38.2,1.9,7.0,Pass,1
131,12,20.0,65,8.5,40.4,1.0,Pass,1
132,12,27.0,65,38.9,67.2,23.0,Pass,1
133,12,31.0,65,44.0,35.5,21.0,Pass,1
134,12,35.0,65,39.6,40.9,4.0,Pass,1
126,12,38.0,833,25.5,51.6,101130.0,Interception,8
127,12,39.0,833,29.4,56.1,118898.0,Pass,1
128,12,40.0,833,22.8,54.6,101130.0,BallRecovery,49
129,12,40.0,833,22.8,54.6,101130.0,Pass,1
135,12,43.0,65,44.0,68.8,23.0,Aerial,44
136,12,43.0,65,44.0,68.5,23.0,Pass,1
130,12,44.0,833,56.1,31.0,303800.0,Aerial,44
131,12,46.0,833,47.4,29.2,402086.0,Pass,1
132,12,51.0,833,50.1,18.6,273453.0,Pass,1
133,12,56.0,833,61.7,50.7,303800.0,Pass,1
134,13,0.0,833,85.3,86.2,133808.0,Pass,1
135,13,1.0,833,92.5,88.4,135098.0,Pass,1
139,13,2.0,65,8.6,20.0,28.0,BallTouch,61
137,13,3.0,65,7.5,53.7,18.0,Clearance,12
138,13,7.0,65,25.2,67.4,9.0,Foul,4
136,13,7.0,833,74.8,32.6,14085.0,Foul,4
140,13,27.0,65,31.2,75.7,23.0,Pass,1
142,13,29.0,65,38.7,12.3,28.0,Pass,1
143,13,31.0,65,42.5,28.8,5.0,Pass,1
144,13,35.0,65,52.2,58.5,21.0,Pass,1
137,13,38.0,833,9.3,25.9,273453.0,Clearance,12
138,13,39.0,833,6.4,16.6,273453.0,CornerAwarded,6
145,13,39.0,65,93.6,83.4,21.0,CornerAwarded,6
146,14,5.0,65,99.5,99.5,11.0,Pass,1
147,14,6.0,65,89.2,92.7,16.0,Pass,1
148,14,8.0,65,76.1,78.8,18.0,Pass,1
149,14,15.0,65,82.2,71.7,11.0,SavedShot,15
139,14,15.0,833,19.1,36.9,273453.0,Save,10
140,14,17.0,833,18.2,42.9,118898.0,Aerial,44
150,14,17.0,65,81.8,57.1,16.0,Aerial,44
141,14,18.0,833,18.5,41.2,118898.0,Clearance,12
151,14,18.0,65,74.8,47.2,5.0,Pass,1
152,14,19.0,65,64.8,48.5,28.0,Pass,1
153,14,23.0,65,67.7,76.1,18.0,Pass,1
142,14,27.0,833,4.8,58.2,109930.0,Claim,11
144,14,44.0,833,8.7,58.2,109930.0,Pass,1
145,14,46.0,833,19.2,70.9,316957.0,Pass,1
146,14,47.0,833,7.6,48.8,109930.0,Pass,1
147,14,51.0,833,29.6,6.1,14085.0,Pass,1
148,14,53.0,833,18.1,10.1,101130.0,Pass,1
149,14,55.0,833,4.5,37.7,109930.0,Pass,1
150,15,2.0,833,25.2,64.6,316957.0,Pass,1
151,15,6.0,833,9.0,45.4,109930.0,Pass,1
152,15,10.0,833,25.0,34.2,125246.0,Pass,1
153,15,13.0,833,30.5,17.4,101130.0,Pass,1
154,15,15.0,833,48.8,3.8,14085.0,Pass,1
155,15,18.0,833,57.0,22.4,303800.0,Pass,1
156,15,21.0,833,43.6,29.7,402086.0,Pass,1
157,15,23.0,833,36.7,62.0,316957.0,Pass,1
158,15,25.0,833,40.6,90.0,135098.0,Pass,1
154,15,27.0,65,34.9,32.7,4.0,BallRecovery,49
155,15,27.0,65,34.9,32.7,4.0,Pass,1
156,15,28.0,65,38.9,29.1,5.0,Pass,1
157,15,32.0,65,61.5,46.1,21.0,Pass,1
158,15,33.0,65,67.0,64.5,7.0,Pass,1
159,15,37.0,65,79.3,81.1,9.0,Pass,1
160,15,38.0,65,79.5,74.4,7.0,Pass,1
161,15,39.0,65,77.5,77.5,18.0,Pass,1
162,15,43.0,65,75.3,43.4,5.0,Pass,1
163,15,44.0,65,79.3,38.0,11.0,BallTouch,61
164,15,47.0,65,76.7,38.5,5.0,Pass,1
165,15,48.0,65,67.7,56.3,23.0,Pass,1
166,15,50.0,65,70.1,74.7,18.0,Pass,1
167,15,56.0,65,82.1,88.1,16.0,Pass,1
168,15,59.0,65,72.6,76.4,18.0,Pass,1
169,16,3.0,65,75.9,89.2,9.0,Foul,4
159,16,3.0,833,24.1,10.8,14085.0,Foul,4
170,16,52.0,65,77.6,90.6,11.0,Pass,1
160,16,54.0,833,8.6,38.8,125246.0,Clearance,12
172,16,55.0,65,89.5,61.7,7.0,BallTouch,61
161,16,56.0,833,4.2,33.2,125246.0,Challenge,45
173,16,56.0,65,95.8,66.8,7.0,TakeOn,3
174,16,57.0,65,97.2,72.1,7.0,Pass,1
162,16,58.0,833,6.3,48.2,316957.0,Clearance,12
175,16,59.0,65,84.1,60.3,16.0,Pass,1
176,17,0.0,65,77.2,63.6,18.0,Pass,1
177,17,1.0,65,74.3,40.3,5.0,Pass,1
178,17,5.0,65,64.9,51.3,28.0,Pass,1
179,17,6.0,65,71.3,64.2,16.0,Pass,1
180,17,8.0,65,74.0,88.0,18.0,Pass,1
181,17,8.0,65,84.4,51.8,9.0,Pass,1
182,17,11.0,65,82.5,57.5,7.0,MissedShots,13
164,17,38.0,833,3.5,49.1,109930.0,Pass,1
165,17,41.0,833,15.4,14.6,101130.0,Pass,1
184,17,42.0,65,54.9,91.2,18.0,BallRecovery,49
185,17,43.0,65,54.9,91.4,18.0,Pass,1
186,17,46.0,65,45.9,71.4,23.0,Pass,1
187,17,51.0,65,56.6,39.8,4.0,Pass,1
188,17,54.0,65,48.8,21.9,28.0,Pass,1
189,17,58.0,65,46.4,63.6,23.0,Pass,1
11204,18,,65,82.7,17.6,7.0,OffsideGiven,10000
190,18,0.0,65,53.1,67.2,16.0,Pass,1
191,18,3.0,65,45.9,42.1,4.0,Pass,1
192,18,5.0,65,46.3,63.9,23.0,Pass,1
193,18,7.0,65,53.0,46.4,5.0,Pass,1
194,18,9.0,65,63.6,45.1,7.0,Pass,1
166,18,12.0,833,31.1,62.3,118898.0,BallRecovery,49
167,18,12.0,833,30.1,65.1,118898.0,Pass,1
168,18,13.0,833,28.8,75.7,133808.0,Pass,1
169,18,14.0,833,19.2,65.7,316957.0,Pass,1
170,18,17.0,833,4.4,50.1,109930.0,Pass,1
195,18,23.0,65,54.2,48.2,4.0,Foul,4
171,18,23.0,833,45.8,51.8,303800.0,Foul,4
196,18,34.0,65,53.3,46.1,4.0,Pass,1
197,18,37.0,65,54.4,57.6,5.0,Pass,1
198,18,39.0,65,57.7,34.8,4.0,Pass,1
199,18,44.0,65,55.6,60.6,23.0,Pass,1
200,18,46.0,65,60.2,34.8,4.0,Pass,1
201,18,48.0,65,65.7,34.6,7.0,Pass,1
202,18,50.0,65,57.4,12.8,28.0,Pass,1
203,18,51.0,65,67.0,2.6,11.0,Pass,1
172,18,53.0,833,24.5,55.3,101130.0,OffsideProvoked,55
204,18,53.0,65,75.9,6.5,21.0,OffsidePass,2
173,19,20.0,833,19.2,84.2,316957.0,Pass,1
174,19,24.0,833,65.2,74.8,303800.0,Pass,1
175,19,30.0,833,82.8,92.6,135098.0,Pass,1
176,19,32.0,833,84.2,65.9,303800.0,TakeOn,3
205,19,32.0,65,15.8,34.1,28.0,Tackle,7
177,19,34.0,833,86.8,67.8,402086.0,Pass,1
178,19,35.0,833,80.1,67.3,303800.0,Pass,1
179,19,38.0,833,89.8,68.7,133808.0,Pass,1
180,19,39.0,833,88.9,82.4,135098.0,Pass,1
181,19,42.0,833,95.1,54.8,402086.0,Aerial,44
206,19,42.0,65,4.9,45.2,4.0,Aerial,44
182,19,43.0,833,95.0,54.2,402086.0,MissedShots,13
208,20,5.0,65,4.7,43.6,1.0,Pass,1
209,20,7.0,65,37.7,78.1,23.0,Pass,1
210,20,9.0,65,46.4,97.8,18.0,Pass,1
184,20,11.0,833,30.5,5.8,14085.0,Interception,8
185,20,12.0,833,36.7,28.0,125246.0,BallRecovery,49
186,20,13.0,833,36.6,28.0,125246.0,Pass,1
187,20,14.0,833,42.5,17.7,402086.0,Dispossessed,50
211,20,14.0,65,57.5,82.3,5.0,Tackle,7
212,20,16.0,65,46.6,91.5,18.0,BallRecovery,49
213,20,16.0,65,46.6,91.5,18.0,Pass,1
214,20,17.0,65,40.1,77.0,23.0,Pass,1
215,20,22.0,65,45.0,40.6,4.0,Pass,1
216,20,26.0,65,56.5,25.9,21.0,Pass,1
217,20,28.0,65,61.5,4.1,11.0,Pass,1
218,20,30.0,65,48.9,7.3,28.0,Pass,1
219,20,35.0,65,34.9,38.5,4.0,Pass,1
220,20,39.0,65,42.1,68.4,23.0,Pass,1
221,20,42.0,65,44.1,32.2,4.0,Pass,1
222,20,50.0,65,65.4,22.5,11.0,Pass,1
223,20,53.0,65,95.3,19.2,28.0,Pass,1
188,20,55.0,833,8.1,56.0,101130.0,Clearance,12
189,20,57.0,833,22.2,36.6,273453.0,Pass,1
224,20,58.0,65,72.6,33.3,7.0,Pass,1
190,20,59.0,833,26.8,57.8,303800.0,Interception,8
225,20,59.0,65,69.1,51.6,5.0,Pass,1
226,21,1.0,65,56.0,50.9,23.0,Pass,1
227,21,4.0,65,62.3,35.1,4.0,Pass,1
228,21,6.0,65,67.2,34.0,7.0,Pass,1
229,21,10.0,65,71.1,13.2,11.0,Pass,1
230,21,13.0,65,82.2,5.0,28.0,Pass,1
231,21,16.0,65,63.9,10.6,11.0,Pass,1
232,21,28.0,65,31.8,36.6,4.0,Pass,1
233,21,33.0,65,51.1,67.9,23.0,Pass,1
234,21,34.0,65,56.9,68.7,9.0,Pass,1
235,21,38.0,65,51.6,69.7,23.0,Pass,1
236,21,40.0,65,47.3,43.7,4.0,Pass,1
237,21,43.0,65,48.8,36.6,5.0,Pass,1
238,21,48.0,65,53.2,63.1,23.0,Pass,1
239,21,53.0,65,65.8,87.2,16.0,Pass,1
240,21,54.0,65,68.6,76.3,7.0,Pass,1
192,22,18.0,833,4.5,50.7,109930.0,Pass,1
193,22,21.0,833,20.6,78.7,316957.0,Pass,1
194,22,23.0,833,37.3,67.9,303800.0,BallTouch,61
242,22,24.0,65,62.5,41.2,5.0,Pass,1
244,22,25.0,65,71.4,25.0,7.0,BallRecovery,49
243,22,26.0,65,73.2,33.4,7.0,Pass,1
245,22,27.0,65,72.2,21.9,11.0,Pass,1
199,22,28.0,833,28.4,64.9,303800.0,Interception,8
246,22,29.0,65,70.7,30.1,21.0,Pass,1
247,22,32.0,65,82.0,11.1,28.0,Pass,1
248,22,34.0,65,84.8,18.0,11.0,TakeOn,3
195,22,34.0,833,15.2,82.0,135098.0,Tackle,7
249,22,36.0,65,81.6,15.6,11.0,Pass,1
196,22,37.0,833,28.7,85.1,133808.0,BlockedPass,74
251,22,51.0,65,77.2,0.0,28.0,Pass,1
252,22,55.0,65,52.2,15.0,4.0,Pass,1
253,23,2.0,65,56.6,60.9,23.0,Pass,1
254,23,5.0,65,61.0,32.7,4.0,Pass,1
255,23,7.0,65,66.2,20.0,11.0,Pass,1
256,23,11.0,65,74.6,10.2,28.0,Foul,4
198,23,11.0,833,25.4,89.8,133808.0,Foul,4
257,24,5.0,65,75.3,19.7,11.0,Pass,1
200,24,8.0,833,8.6,48.1,14085.0,Clearance,12
201,24,11.0,833,16.4,43.1,402086.0,Clearance,12
258,24,14.0,65,63.2,85.7,18.0,Pass,1
259,24,16.0,65,69.7,88.7,5.0,Pass,1
260,24,19.0,65,55.3,85.9,18.0,Pass,1
261,24,22.0,65,44.9,47.3,28.0,Pass,1
262,24,24.0,65,55.0,34.0,21.0,Pass,1
263,24,31.0,65,58.1,65.1,5.0,Pass,1
264,24,35.0,65,62.8,71.8,16.0,Pass,1
265,24,36.0,65,64.7,64.2,5.0,Pass,1
266,24,39.0,65,66.0,36.7,4.0,Pass,1
202,24,44.0,833,18.6,86.6,133808.0,Challenge,45
267,24,44.0,65,81.4,13.4,11.0,TakeOn,3
203,24,46.0,833,18.9,68.3,135098.0,Challenge,45
268,24,46.0,65,81.1,31.7,11.0,TakeOn,3
269,24,47.0,65,79.1,30.7,11.0,TakeOn,3
204,24,48.0,833,15.5,61.4,135098.0,BallTouch,61
205,24,52.0,833,20.6,43.3,125246.0,BallRecovery,49
206,24,53.0,833,21.7,41.2,125246.0,Pass,1
207,24,54.0,833,11.5,14.3,101130.0,Pass,1
208,24,55.0,833,19.7,3.2,14085.0,Pass,1
270,24,56.0,65,69.5,89.3,5.0,BallRecovery,49
271,24,58.0,65,68.9,89.6,5.0,Pass,1
272,25,0.0,65,51.7,87.7,23.0,Pass,1
273,25,7.0,65,59.5,46.9,4.0,Pass,1
274,25,9.0,65,55.2,68.2,23.0,Pass,1
275,25,18.0,65,61.9,80.6,5.0,Pass,1
276,25,19.0,65,64.4,67.6,21.0,Pass,1
277,25,20.0,65,65.0,72.9,16.0,Pass,1
278,25,25.0,65,62.3,35.4,4.0,Pass,1
279,25,27.0,65,53.5,59.6,23.0,Pass,1
280,25,29.0,65,60.0,75.7,5.0,Pass,1
209,25,34.0,833,2.3,29.5,109930.0,BallRecovery,49
210,25,44.0,833,5.4,30.7,109930.0,Pass,1
211,25,45.0,833,12.3,15.8,14085.0,Pass,1
212,25,46.0,833,21.1,4.9,273453.0,Pass,1
213,25,47.0,833,14.3,14.1,101130.0,Pass,1
214,25,50.0,833,6.0,30.7,109930.0,Pass,1
215,25,52.0,833,21.6,42.1,125246.0,Pass,1
216,25,57.0,833,36.0,92.9,135098.0,Pass,1
281,25,58.0,65,36.5,8.6,28.0,BallRecovery,49
282,26,2.0,65,37.6,22.7,28.0,Pass,1
283,26,4.0,65,47.1,31.9,5.0,Pass,1
217,26,7.0,833,42.4,70.9,118898.0,Interception,8
285,26,20.0,65,79.4,0.0,28.0,Pass,1
286,26,24.0,65,54.7,23.9,4.0,Pass,1
287,26,29.0,65,54.0,59.7,23.0,Pass,1
288,26,31.0,65,54.7,89.4,18.0,Pass,1
289,26,36.0,65,62.6,91.8,9.0,Foul,4
219,26,36.0,833,37.4,8.2,14085.0,Foul,4
290,26,41.0,65,59.3,93.0,16.0,Pass,1
291,26,42.0,65,57.4,87.4,18.0,Pass,1
292,26,44.0,65,55.3,32.8,4.0,Pass,1
293,26,47.0,65,58.7,23.1,21.0,Pass,1
294,26,49.0,65,61.4,40.4,5.0,Pass,1
295,26,53.0,65,59.3,68.2,23.0,Pass,1
296,26,57.0,65,60.3,33.0,4.0,Pass,1
297,27,1.0,65,64.4,19.7,7.0,Pass,1
298,27,2.0,65,53.2,35.1,4.0,Pass,1
299,27,12.0,65,55.9,62.4,23.0,Pass,1
220,27,14.0,833,34.0,35.6,101130.0,Challenge,45
300,27,14.0,65,66.0,64.4,16.0,TakeOn,3
221,27,15.0,833,34.1,39.0,125246.0,Challenge,45
301,27,15.0,65,65.9,61.0,16.0,TakeOn,3
302,27,20.0,65,71.7,34.0,16.0,Pass,1
303,27,21.0,65,77.4,21.0,21.0,Pass,1
304,27,23.0,65,76.5,27.9,11.0,Pass,1
305,27,26.0,65,80.0,7.3,28.0,Pass,1
222,27,28.0,833,27.8,83.6,303800.0,Challenge,45
306,27,28.0,65,72.2,16.4,11.0,TakeOn,3
223,27,29.0,833,26.5,83.5,125246.0,Challenge,45
307,27,29.0,65,73.5,16.5,11.0,TakeOn,3
224,27,30.0,833,24.8,85.6,133808.0,Challenge,45
308,27,30.0,65,75.2,14.4,11.0,TakeOn,3
309,27,34.0,65,83.1,5.6,11.0,TakeOn,3
225,27,34.0,833,16.9,94.4,133808.0,Tackle,7
226,27,37.0,833,16.9,94.4,133808.0,CornerAwarded,6
310,27,37.0,65,83.1,5.6,11.0,CornerAwarded,6
311,27,57.0,65,99.5,0.5,16.0,Pass,1
312,28,4.0,65,96.7,11.6,11.0,Pass,1
227,28,8.0,833,6.3,70.9,402086.0,Clearance,12
313,28,9.0,65,81.6,62.9,18.0,MissedShots,13
229,28,31.0,833,3.7,47.3,109930.0,Pass,1
230,28,35.0,833,13.8,39.2,125246.0,Pass,1
231,28,38.0,833,19.7,9.8,101130.0,Pass,1
232,28,40.0,833,6.1,46.8,109930.0,Pass,1
233,28,43.0,833,9.8,75.6,316957.0,Pass,1
234,28,47.0,833,16.0,97.4,135098.0,Pass,1
315,28,47.0,65,89.4,3.4,28.0,BlockedPass,74
236,29,1.0,833,12.4,100.0,135098.0,Pass,1
237,29,5.0,833,28.7,88.4,303800.0,Pass,1
238,29,6.0,833,21.8,90.5,135098.0,Pass,1
317,29,10.0,65,45.0,79.9,18.0,BallRecovery,49
318,29,13.0,65,44.2,98.3,18.0,Pass,1
319,29,15.0,65,12.7,69.9,1.0,Pass,1
320,29,22.0,65,39.7,70.2,23.0,Pass,1
321,29,24.0,65,39.8,42.8,4.0,Pass,1
322,29,28.0,65,47.9,53.9,5.0,Pass,1
323,29,34.0,65,85.4,11.9,11.0,TakeOn,3
239,29,36.0,833,19.5,79.1,118898.0,Clearance,12
325,29,54.0,65,78.7,0.0,28.0,Pass,1
326,29,55.0,65,51.7,11.4,4.0,Pass,1
327,30,5.0,65,62.8,65.7,23.0,Pass,1
328,30,8.0,65,57.6,29.8,7.0,Pass,1
329,30,12.0,65,56.1,33.3,4.0,Pass,1
330,30,15.0,65,63.2,20.0,11.0,Pass,1
331,30,20.0,65,65.3,47.9,5.0,Pass,1
242,30,43.0,833,3.5,53.1,109930.0,Pass,1
243,30,47.0,833,12.0,36.9,125246.0,Pass,1
333,30,48.0,65,57.9,73.9,18.0,Interception,8
334,30,49.0,65,59.8,72.6,5.0,BallRecovery,49
335,30,49.0,65,59.8,72.6,5.0,Pass,1
336,30,51.0,65,60.2,57.5,18.0,Pass,1
337,30,54.0,65,47.7,41.5,4.0,Pass,1
338,30,56.0,65,52.7,42.7,18.0,Pass,1
339,31,1.0,65,67.8,82.7,16.0,Dispossessed,50
244,31,1.0,833,32.2,17.3,402086.0,Tackle,7
245,31,3.0,833,34.8,15.9,402086.0,BallRecovery,49
246,31,8.0,833,32.4,19.1,402086.0,Pass,1
247,31,12.0,833,19.4,16.4,14085.0,Pass,1
248,31,14.0,833,7.3,34.5,109930.0,Pass,1
249,31,17.0,833,44.6,16.2,303800.0,BallTouch,61
340,31,18.0,65,51.4,93.3,18.0,Pass,1
341,31,20.0,65,63.4,96.5,9.0,BallRecovery,49
342,31,22.0,65,64.4,96.3,9.0,Pass,1
343,31,25.0,65,53.1,79.1,5.0,Pass,1
344,31,29.0,65,60.8,46.6,4.0,BallTouch,61
345,31,30.0,65,64.1,46.3,7.0,Pass,1
346,31,32.0,65,59.8,17.1,28.0,Pass,1
347,31,34.0,65,62.8,7.0,11.0,Pass,1
348,31,35.0,65,58.4,31.2,5.0,Pass,1
349,31,37.0,65,44.1,46.6,4.0,Pass,1
350,31,42.0,65,57.0,63.3,23.0,Pass,1
351,31,43.0,65,61.0,59.4,5.0,Pass,1
352,31,45.0,65,71.3,74.2,16.0,Pass,1
353,31,48.0,65,80.4,84.8,9.0,Pass,1
354,31,51.0,65,76.7,69.7,5.0,Pass,1
251,32,15.0,833,4.3,50.3,109930.0,Pass,1
252,32,16.0,833,8.4,35.4,125246.0,Pass,1
253,32,17.0,833,17.7,12.0,101130.0,Pass,1
254,32,18.0,833,4.9,30.9,109930.0,Pass,1
356,32,22.0,65,53.0,67.4,23.0,Aerial,44
357,32,22.0,65,51.5,65.8,23.0,Pass,1
255,32,22.0,833,45.6,30.9,303800.0,Aerial,44
256,32,28.0,833,43.8,65.5,135098.0,Pass,1
257,32,32.0,833,38.3,60.9,402086.0,Pass,1
258,32,35.0,833,33.6,41.0,125246.0,Pass,1
259,32,41.0,833,29.0,24.4,101130.0,Pass,1
260,32,45.0,833,8.8,51.8,109930.0,Pass,1
358,32,47.0,65,62.3,36.9,4.0,Aerial,44
261,32,47.0,833,37.7,63.1,133808.0,Aerial,44
359,32,47.0,65,60.4,36.1,4.0,Pass,1
360,32,49.0,65,71.2,34.3,11.0,BallRecovery,49
361,32,49.0,65,71.2,34.3,11.0,Pass,1
262,32,51.0,833,21.5,68.7,316957.0,BallRecovery,49
263,32,51.0,833,21.6,69.3,316957.0,Pass,1
264,32,57.0,833,54.2,96.0,118898.0,Pass,1
265,32,58.0,833,60.8,95.9,135098.0,Pass,1
362,33,0.0,65,35.9,16.1,5.0,BallRecovery,49
363,33,0.0,65,35.9,16.1,5.0,Pass,1
364,33,5.0,65,65.1,44.0,16.0,Pass,1
365,33,11.0,65,92.5,19.4,11.0,Pass,1
266,33,13.0,833,13.4,59.2,118898.0,Challenge,45
366,33,13.0,65,86.6,40.8,16.0,TakeOn,3
367,33,14.0,65,87.3,36.7,16.0,Pass,1
368,33,16.0,65,79.3,40.9,5.0,SavedShot,15
268,33,16.0,833,1.6,50.0,109930.0,Save,10
267,33,19.0,833,2.1,49.3,109930.0,KeeperPickup,52
269,33,48.0,833,3.8,51.2,109930.0,Pass,1
369,33,49.0,65,60.6,66.4,23.0,BallRecovery,49
370,33,49.0,65,60.6,66.4,23.0,Pass,1
371,33,50.0,65,61.5,73.2,5.0,Pass,1
372,33,53.0,65,55.7,57.8,21.0,Pass,1
373,33,54.0,65,59.5,66.0,5.0,Pass,1
374,33,57.0,65,56.0,75.1,18.0,Pass,1
375,33,58.0,65,60.6,72.3,5.0,Pass,1
376,34,3.0,65,76.9,85.1,9.0,Pass,1
377,34,4.0,65,77.3,77.0,16.0,Pass,1
270,34,4.0,833,18.4,27.1,101130.0,BlockedPass,74
271,34,7.0,833,15.3,7.6,402086.0,BallRecovery,49
272,34,7.0,833,16.2,7.3,402086.0,Pass,1
273,34,8.0,833,25.7,6.5,273453.0,Pass,1
378,34,10.0,65,61.0,91.8,23.0,BallRecovery,49
379,34,10.0,65,61.0,91.8,23.0,Pass,1
380,34,12.0,65,72.0,97.5,16.0,Pass,1
381,34,14.0,65,68.4,74.7,18.0,Pass,1
382,34,16.0,65,68.6,50.6,21.0,Pass,1
383,34,17.0,65,72.1,39.2,11.0,Pass,1
384,34,17.0,65,73.1,46.9,7.0,Pass,1
385,34,21.0,65,74.6,25.9,21.0,Pass,1
386,34,25.0,65,82.0,4.7,28.0,Pass,1
387,34,26.0,65,80.5,16.5,21.0,Pass,1
388,34,28.0,65,80.0,11.9,28.0,Pass,1
390,34,34.0,65,83.2,12.8,11.0,Foul,4
274,34,34.0,833,16.8,87.2,135098.0,Foul,4
391,35,24.0,65,84.5,14.0,7.0,Pass,1
275,35,27.0,833,9.0,64.1,135098.0,Clearance,12
392,35,28.0,65,81.6,56.6,16.0,MissedShots,13
277,35,57.0,833,4.7,54.0,109930.0,Pass,1
278,36,0.0,833,11.1,12.6,101130.0,Pass,1
279,36,5.0,833,20.2,6.8,14085.0,Pass,1
280,36,8.0,833,7.5,8.0,101130.0,Pass,1
394,36,8.0,65,95.0,96.0,16.0,BlockedPass,74
282,36,27.0,833,18.1,0.0,14085.0,Pass,1
283,36,32.0,833,10.4,39.1,316957.0,Pass,1
284,36,37.0,833,20.9,91.4,135098.0,Pass,1
396,36,38.0,65,78.4,6.8,11.0,BallTouch,61
286,36,55.0,833,26.2,100.0,135098.0,Pass,1
288,36,57.0,833,38.7,83.2,303800.0,Foul,4
398,36,57.0,65,61.3,16.8,4.0,Foul,4
289,37,37.0,833,37.7,84.2,118898.0,Pass,1
290,37,40.0,833,37.1,71.2,125246.0,Pass,1
291,37,41.0,833,26.9,83.5,316957.0,Pass,1
292,37,45.0,833,5.1,44.9,109930.0,Pass,1
293,37,50.0,833,19.2,11.9,101130.0,Pass,1
400,37,52.0,65,52.2,83.0,18.0,BallRecovery,49
401,37,53.0,65,53.5,72.3,18.0,Pass,1
402,37,59.0,65,28.9,48.2,4.0,Pass,1
403,38,4.0,65,13.8,50.3,1.0,Pass,1
404,38,8.0,65,23.7,37.7,4.0,Pass,1
405,38,11.0,65,34.9,74.7,23.0,Pass,1
406,38,12.0,65,45.4,56.7,5.0,Pass,1
294,38,16.0,833,22.8,24.3,14085.0,BallRecovery,49
295,38,16.0,833,22.7,24.7,14085.0,Pass,1
296,38,17.0,833,19.2,28.0,109930.0,Pass,1
297,38,20.0,833,25.9,24.3,101130.0,Pass,1
298,38,22.0,833,32.2,5.6,402086.0,Pass,1
408,38,34.0,65,53.8,100.0,18.0,Pass,1
409,38,35.0,65,43.7,85.7,23.0,Pass,1
410,38,35.0,65,43.2,43.7,4.0,Pass,1
411,38,38.0,65,54.4,56.9,21.0,Pass,1
412,38,39.0,65,64.9,73.6,16.0,Pass,1
413,38,43.0,65,85.4,82.0,9.0,Pass,1
300,38,45.0,833,8.7,50.3,316957.0,Interception,8
351,38,46.0,833,7.8,53.3,316957.0,Error,51
414,38,48.0,65,99.3,51.9,21.0,Goal,16
301,39,49.0,833,50.4,50.3,303800.0,Pass,1
302,39,51.0,833,20.3,78.7,316957.0,Pass,1
303,39,53.0,833,7.9,49.1,109930.0,Pass,1
304,39,56.0,833,14.2,15.0,101130.0,Pass,1
305,39,58.0,833,3.8,36.0,109930.0,Pass,1
306,40,1.0,833,13.4,40.0,125246.0,Pass,1
307,40,3.0,833,9.3,63.3,316957.0,Pass,1
308,40,6.0,833,15.2,7.1,101130.0,Pass,1
309,40,11.0,833,66.1,41.6,303800.0,Pass,1
310,40,16.0,833,78.6,31.5,273453.0,SavedShot,15
415,40,16.0,65,1.8,51.6,1.0,Save,10
416,40,21.0,65,1.8,51.6,1.0,KeeperPickup,52
417,40,25.0,65,13.1,50.3,1.0,Pass,1
418,40,33.0,65,24.3,64.5,23.0,Pass,1
419,40,38.0,65,27.0,42.8,4.0,Pass,1
420,40,39.0,65,34.1,37.9,21.0,Pass,1
421,40,44.0,65,37.5,67.8,23.0,Pass,1
422,40,46.0,65,44.7,48.7,5.0,Pass,1
423,40,49.0,65,51.8,35.1,21.0,Pass,1
424,40,49.0,65,60.4,32.4,7.0,Pass,1
425,40,53.0,65,74.4,5.2,11.0,BallTouch,61
311,40,54.0,833,21.6,92.7,135098.0,BallRecovery,49
312,40,55.0,833,13.9,90.6,135098.0,Pass,1
313,40,59.0,833,22.0,88.4,118898.0,Pass,1
426,41,1.0,65,75.4,7.7,28.0,BallRecovery,49
427,41,2.0,65,80.6,22.4,28.0,Pass,1
314,41,3.0,833,19.3,67.9,125246.0,BallTouch,61
315,41,17.0,833,9.0,72.4,135098.0,Foul,4
428,41,17.0,65,91.0,27.6,28.0,Foul,4
316,41,27.0,833,18.5,75.4,316957.0,Pass,1
429,41,32.0,65,30.4,41.8,23.0,BallRecovery,49
430,41,34.0,65,31.1,42.2,23.0,Pass,1
431,41,37.0,65,31.2,34.6,4.0,Pass,1
432,41,40.0,65,40.5,38.3,5.0,Pass,1
433,41,43.0,65,32.2,37.1,4.0,Pass,1
434,41,44.0,65,30.1,67.2,23.0,Pass,1
435,41,51.0,65,57.8,38.3,5.0,Pass,1
436,41,54.0,65,73.6,3.5,11.0,Pass,1
437,41,55.0,65,62.6,10.3,28.0,Pass,1
438,41,56.0,65,64.9,26.4,5.0,Pass,1
439,41,58.0,65,76.0,3.1,11.0,Pass,1
317,42,1.0,833,12.0,85.6,135098.0,BallRecovery,49
318,42,3.0,833,10.9,86.8,135098.0,Pass,1
319,42,7.0,833,33.8,80.5,303800.0,Pass,1
320,42,9.0,833,36.6,89.3,118898.0,Pass,1
321,42,10.0,833,45.5,95.4,133808.0,Pass,1
322,42,12.0,833,43.9,83.8,303800.0,Pass,1
440,42,12.0,65,54.0,20.9,4.0,BlockedPass,74
323,42,16.0,833,23.2,72.1,316957.0,Pass,1
324,42,19.0,833,25.3,25.0,101130.0,Pass,1
325,42,24.0,833,33.7,25.8,402086.0,Pass,1
326,42,31.0,833,33.3,36.0,125246.0,Pass,1
327,42,35.0,833,43.8,15.8,101130.0,Pass,1
328,42,39.0,833,98.6,19.2,273453.0,Pass,1
442,43,4.0,65,4.9,53.7,1.0,Pass,1
443,43,7.0,65,30.9,26.2,4.0,Pass,1
444,43,11.0,65,75.2,6.5,21.0,Pass,1
331,43,19.0,833,4.1,51.2,109930.0,Pass,1
332,43,24.0,833,17.2,25.8,101130.0,Pass,1
333,43,26.0,833,25.1,4.6,14085.0,Pass,1
334,43,30.0,833,29.1,17.2,402086.0,Foul,4
446,43,30.0,65,70.9,82.8,5.0,Foul,4
335,43,34.0,833,27.4,13.1,14085.0,Pass,1
336,43,37.0,833,25.0,24.7,125246.0,Pass,1
337,43,37.0,833,19.8,13.2,101130.0,Pass,1
338,43,38.0,833,23.3,4.7,14085.0,Pass,1
339,43,40.0,833,23.1,12.0,125246.0,Pass,1
340,43,41.0,833,28.8,8.3,273453.0,BallTouch,61
447,43,41.0,65,59.6,93.5,18.0,BallRecovery,49
448,43,43.0,65,52.9,95.6,18.0,Pass,1
449,43,50.0,65,20.6,81.4,23.0,Pass,1
450,43,53.0,65,27.1,55.4,4.0,Pass,1
341,43,56.0,833,58.6,59.3,303800.0,Challenge,45
451,43,56.0,65,41.4,40.7,21.0,TakeOn,3
452,43,58.0,65,47.8,42.4,21.0,Pass,1
453,44,0.0,65,47.1,60.9,5.0,Pass,1
454,44,2.0,65,62.0,82.1,11.0,Pass,1
455,44,4.0,65,68.2,97.7,18.0,Pass,1
456,44,7.0,65,61.8,89.1,11.0,Pass,1
457,44,8.0,65,56.7,73.6,5.0,Pass,1
458,44,13.0,65,56.6,33.3,4.0,Pass,1
459,44,17.0,65,52.5,65.2,23.0,Pass,1
460,44,19.0,65,64.3,87.4,11.0,Pass,1
461,44,20.0,65,70.7,80.3,16.0,Pass,1
462,44,21.0,65,71.1,91.7,18.0,Pass,1
464,44,23.0,65,89.2,94.2,16.0,BallTouch,61
342,44,24.0,833,0.0,0.0,14085.0,ShieldBallOpp,56
344,44,42.0,833,4.7,44.8,109930.0,Pass,1
345,44,43.0,833,13.0,39.8,125246.0,Pass,1
346,44,46.0,833,43.4,45.5,133808.0,BallTouch,61
466,44,47.0,65,67.7,63.3,16.0,BallRecovery,49
467,44,47.0,65,68.8,64.9,16.0,Pass,1
348,44,50.0,833,10.1,51.6,109930.0,Smother,54
347,44,51.0,833,10.1,51.6,109930.0,KeeperPickup,52
349,45,0.0,833,13.1,53.0,109930.0,Pass,1
350,45,1.0,833,0.0,0.0,,End,30
468,45,1.0,65,0.0,0.0,,End,30
352,45,0.0,833,0.0,0.0,,Start,32
469,45,0.0,65,0.0,0.0,,Start,32
470,45,1.0,65,50.1,50.0,7.0,Pass,1
471,45,2.0,65,38.5,49.9,5.0,Pass,1
472,45,4.0,65,39.8,28.9,21.0,Pass,1
473,45,9.0,65,36.3,64.6,23.0,Pass,1
474,45,12.0,65,38.2,33.9,4.0,Pass,1
475,45,19.0,65,44.4,69.1,23.0,Pass,1
476,45,20.0,65,49.2,61.2,5.0,Pass,1
477,45,26.0,65,45.8,75.9,23.0,Pass,1
478,45,27.0,65,42.6,96.0,18.0,Pass,1
479,45,29.0,65,60.8,97.2,9.0,BallTouch,61
353,45,30.0,833,40.6,5.2,14085.0,BallRecovery,49
354,45,31.0,833,42.6,5.8,14085.0,Pass,1
355,45,33.0,833,52.5,19.1,303800.0,Pass,1
356,45,35.0,833,61.0,8.6,273453.0,Dispossessed,50
480,45,35.0,65,39.0,91.4,18.0,Tackle,7
481,45,36.0,65,35.6,96.8,18.0,BallRecovery,49
482,45,37.0,65,27.9,95.4,18.0,Pass,1
483,45,40.0,65,12.1,59.1,1.0,Pass,1
484,45,46.0,65,31.5,37.7,4.0,Pass,1
485,45,50.0,65,38.6,65.1,23.0,Pass,1
486,45,52.0,65,57.4,73.9,16.0,Pass,1
487,45,52.0,65,65.9,90.5,9.0,Pass,1
488,45,54.0,65,66.1,77.0,16.0,Pass,1
489,45,56.0,65,58.4,61.4,5.0,Pass,1
490,45,58.0,65,69.8,37.9,21.0,Pass,1
491,45,59.0,65,74.1,42.5,7.0,Pass,1
492,46,1.0,65,68.2,36.0,21.0,Pass,1
493,46,7.0,65,77.9,11.7,11.0,Pass,1
357,46,8.0,833,11.4,82.2,118898.0,Pass,1
363,46,9.0,833,15.5,80.8,135098.0,BallTouch,61
358,46,10.0,833,22.5,81.4,133808.0,BallRecovery,49
359,46,11.0,833,25.3,76.9,133808.0,Pass,1
360,46,12.0,833,20.4,70.8,125246.0,Pass,1
361,46,15.0,833,41.9,93.6,118898.0,Pass,1
362,46,16.0,833,46.5,77.8,303800.0,BallTouch,61
494,46,16.0,65,57.6,22.2,4.0,BallRecovery,49
495,46,17.0,65,57.6,22.2,4.0,Pass,1
496,46,19.0,65,51.0,42.1,23.0,Pass,1
497,46,21.0,65,58.0,62.3,16.0,Pass,1
498,46,25.0,65,51.7,66.7,18.0,Pass,1
499,46,32.0,65,48.0,38.6,4.0,Pass,1
500,46,36.0,65,56.1,63.6,23.0,Pass,1
501,46,40.0,65,53.2,50.6,5.0,Pass,1
502,46,42.0,65,56.5,63.7,23.0,Pass,1
503,46,43.0,65,60.1,59.1,9.0,Pass,1
504,46,46.0,65,52.3,55.1,5.0,Pass,1
505,46,50.0,65,86.8,4.3,11.0,Pass,1
364,46,52.0,833,9.1,55.5,316957.0,Clearance,12
365,46,54.0,833,20.1,75.1,133808.0,BallRecovery,49
366,46,55.0,833,25.9,74.1,133808.0,Pass,1
506,46,56.0,65,74.7,38.8,7.0,BallRecovery,49
507,46,59.0,65,74.7,54.5,7.0,Pass,1
367,47,1.0,833,10.5,28.5,14085.0,Challenge,45
508,47,1.0,65,89.5,71.5,18.0,TakeOn,3
509,47,2.0,65,94.8,68.7,18.0,Pass,1
369,47,40.0,833,17.6,100.0,135098.0,Pass,1
370,47,44.0,833,36.1,93.2,303800.0,Pass,1
512,47,48.0,65,62.5,63.7,18.0,Pass,1
513,47,49.0,65,62.9,50.9,5.0,Pass,1
514,47,51.0,65,45.5,53.0,23.0,BallRecovery,49
515,47,53.0,65,45.5,53.0,23.0,Pass,1
516,47,55.0,65,44.2,31.0,4.0,Pass,1
517,47,57.0,65,46.5,12.5,28.0,Pass,1
518,48,1.0,65,59.0,8.5,11.0,Pass,1
519,48,3.0,65,44.9,35.2,4.0,Pass,1
520,48,9.0,65,51.6,69.7,23.0,Pass,1
521,48,11.0,65,63.1,67.0,9.0,Pass,1
522,48,13.0,65,59.2,70.8,16.0,Pass,1
523,48,15.0,65,61.0,44.8,5.0,Pass,1
524,48,18.0,65,64.6,19.8,21.0,BallTouch,61
525,48,19.0,65,68.4,13.5,7.0,Pass,1
526,48,20.0,65,72.5,14.4,11.0,Pass,1
527,48,21.0,65,71.9,20.7,21.0,Pass,1
371,48,25.0,833,2.8,70.8,135098.0,BallRecovery,49
372,48,27.0,833,1.4,67.5,135098.0,Pass,1
528,48,30.0,65,61.4,50.1,23.0,BallRecovery,49
529,48,30.0,65,61.4,50.1,23.0,Pass,1
530,48,34.0,65,50.9,38.9,4.0,Pass,1
531,48,39.0,65,61.4,6.2,7.0,Pass,1
532,48,41.0,65,72.4,6.1,21.0,Pass,1
373,48,43.0,833,11.8,70.6,316957.0,BallRecovery,49
374,48,43.0,833,10.9,69.9,316957.0,Pass,1
375,48,45.0,833,4.5,56.6,109930.0,Pass,1
533,48,49.0,65,38.5,8.2,4.0,BallRecovery,49
534,48,54.0,65,38.1,19.1,4.0,Pass,1
376,48,58.0,833,46.3,49.2,303800.0,Challenge,45
535,48,58.0,65,53.7,50.8,5.0,TakeOn,3
536,49,0.0,65,56.4,46.0,5.0,Pass,1
537,49,3.0,65,55.2,29.4,21.0,Pass,1
538,49,4.0,65,57.4,38.3,5.0,Pass,1
539,49,6.0,65,68.9,27.0,7.0,Pass,1
540,49,10.0,65,83.5,13.4,11.0,Pass,1
541,49,12.0,65,91.9,23.3,21.0,Pass,1
377,49,14.0,833,8.3,66.7,316957.0,BallRecovery,49
378,49,15.0,833,8.3,66.7,316957.0,Pass,1
379,49,21.0,833,34.1,38.9,303800.0,Pass,1
380,49,22.0,833,25.6,25.5,14085.0,Pass,1
381,49,24.0,833,37.1,6.1,273453.0,Pass,1
382,49,27.0,833,25.6,13.5,14085.0,Pass,1
384,49,30.0,833,30.8,26.7,101130.0,Foul,4
543,49,30.0,65,69.2,73.3,5.0,Foul,4
385,49,55.0,833,29.2,27.1,101130.0,Pass,1
386,49,56.0,833,35.0,14.3,14085.0,Pass,1
387,49,57.0,833,33.9,28.8,101130.0,Pass,1
388,50,3.0,833,57.9,92.4,133808.0,Pass,1
389,50,5.0,833,36.9,67.0,316957.0,Pass,1
390,50,8.0,833,43.2,25.9,101130.0,Pass,1
391,50,9.0,833,44.9,6.6,14085.0,Pass,1
392,50,11.0,833,47.8,17.3,402086.0,Pass,1
393,50,12.0,833,46.3,15.7,14085.0,Pass,1
394,50,17.0,833,81.2,28.0,402086.0,Pass,1
395,50,19.0,833,91.5,19.7,273453.0,Pass,1
544,50,19.0,65,9.2,64.9,23.0,Interception,8
396,50,21.0,833,84.1,36.3,402086.0,MissedShots,13
546,50,38.0,65,4.9,51.9,1.0,Pass,1
547,50,39.0,65,10.6,72.7,23.0,Pass,1
548,50,41.0,65,23.9,34.8,4.0,Pass,1
549,50,44.0,65,26.4,3.7,28.0,Pass,1
550,50,46.0,65,17.7,32.2,4.0,Pass,1
551,50,49.0,65,12.2,52.7,1.0,Pass,1
398,50,52.0,833,71.9,37.0,402086.0,Interception,8
552,50,54.0,65,24.7,49.3,5.0,Pass,1
553,51,1.0,65,31.6,66.6,23.0,Pass,1
554,51,2.0,65,34.2,49.4,5.0,Pass,1
555,51,4.0,65,30.6,67.5,23.0,Pass,1
556,51,7.0,65,33.2,46.3,5.0,Pass,1
557,51,12.0,65,64.9,10.6,11.0,Pass,1
558,51,14.0,65,61.9,15.5,21.0,Pass,1
559,51,15.0,65,63.3,22.8,7.0,Pass,1
560,51,17.0,65,60.2,17.1,21.0,Pass,1
561,51,18.0,65,63.4,16.4,7.0,BallTouch,61
399,51,19.0,833,41.8,74.5,118898.0,BallRecovery,49
400,51,24.0,833,64.2,92.4,118898.0,Pass,1
562,51,25.0,65,23.0,23.6,21.0,Pass,1
563,51,27.0,65,20.3,28.8,4.0,BallRecovery,49
564,51,28.0,65,14.6,24.3,4.0,Pass,1
565,51,31.0,65,3.5,43.0,1.0,Pass,1
566,51,33.0,65,18.2,64.6,23.0,Pass,1
567,51,35.0,65,29.8,43.0,5.0,Pass,1
568,51,36.0,65,24.4,50.1,21.0,Pass,1
569,51,44.0,65,32.5,5.3,28.0,BallTouch,61
570,51,48.0,65,42.0,13.4,7.0,Pass,1
571,51,50.0,65,59.3,8.3,21.0,Pass,1
573,51,56.0,65,67.9,33.1,16.0,Foul,4
402,51,56.0,833,32.1,66.9,135098.0,Foul,4
574,52,14.0,65,65.7,28.5,7.0,Pass,1
575,52,15.0,65,60.5,34.9,5.0,Pass,1
576,52,19.0,65,61.8,65.1,23.0,Pass,1
577,52,20.0,65,64.6,55.7,7.0,Pass,1
403,52,22.0,833,29.2,28.6,14085.0,Pass,1
404,52,24.0,833,25.4,41.5,101130.0,BallRecovery,49
405,52,24.0,833,25.5,42.7,101130.0,Pass,1
406,52,28.0,833,43.8,52.7,303800.0,Pass,1
578,52,29.0,65,48.8,70.9,18.0,BallRecovery,49
579,52,30.0,65,48.8,70.9,18.0,Pass,1
580,52,31.0,65,38.7,57.0,4.0,Pass,1
581,52,35.0,65,55.3,52.8,5.0,Pass,1
582,52,42.0,65,73.5,8.6,11.0,Pass,1
583,52,44.0,65,69.5,28.3,5.0,Pass,1
584,52,46.0,65,68.8,65.4,18.0,Pass,1
585,52,51.0,65,81.2,88.3,9.0,Pass,1
586,52,53.0,65,70.4,80.3,18.0,Pass,1
587,52,55.0,65,55.8,69.4,23.0,Pass,1
588,52,58.0,65,57.4,34.3,4.0,Pass,1
589,53,1.0,65,63.7,21.6,11.0,Pass,1
590,53,4.0,65,70.3,2.5,28.0,Pass,1
591,53,5.0,65,68.1,7.7,11.0,Pass,1
407,53,7.0,833,30.4,91.7,133808.0,BallTouch,61
408,53,9.0,833,35.9,81.8,303800.0,BallRecovery,49
409,53,10.0,833,37.3,80.9,303800.0,Pass,1
410,53,10.0,833,34.6,85.7,118898.0,Pass,1
592,53,11.0,65,66.5,13.2,11.0,Interception,8
411,53,13.0,833,29.3,77.6,135098.0,Pass,1
412,53,13.0,833,33.4,72.4,118898.0,Pass,1
413,53,17.0,833,24.6,73.8,316957.0,Pass,1
414,53,19.0,833,27.6,93.2,135098.0,Pass,1
415,53,22.0,833,39.9,91.4,133808.0,Pass,1
416,53,27.0,833,2.6,42.1,109930.0,Pass,1
417,53,31.0,833,12.5,11.1,101130.0,Pass,1
593,53,35.0,65,41.3,81.4,4.0,Foul,4
418,53,35.0,833,58.7,18.6,303800.0,Foul,4
594,53,49.0,65,39.2,79.3,23.0,Pass,1
595,53,54.0,65,39.0,53.9,4.0,Pass,1
596,53,58.0,65,45.8,77.0,23.0,Pass,1
597,54,4.0,65,46.8,53.1,4.0,Pass,1
598,54,7.0,65,45.1,75.4,23.0,Pass,1
599,54,11.0,65,63.0,60.8,16.0,Pass,1
600,54,12.0,65,67.1,44.3,21.0,Pass,1
601,54,13.0,65,62.0,45.4,5.0,Pass,1
602,54,14.0,65,65.7,47.9,21.0,Pass,1
603,54,17.0,65,71.6,34.8,16.0,Pass,1
604,54,18.0,65,90.5,15.9,11.0,Pass,1
419,54,20.0,833,8.2,59.4,316957.0,Clearance,12
605,54,22.0,65,78.3,12.0,28.0,Pass,1
606,54,25.0,65,75.9,28.3,16.0,Pass,1
420,54,28.0,833,6.3,56.3,101130.0,Clearance,12
607,54,29.0,65,89.7,39.4,7.0,BallTouch,61
422,54,46.0,833,3.8,48.1,109930.0,Pass,1
423,54,47.0,833,9.9,41.3,125246.0,Pass,1
424,54,51.0,833,15.0,10.3,101130.0,Pass,1
425,54,52.0,833,18.0,4.4,14085.0,Pass,1
426,54,55.0,833,19.0,9.5,402086.0,Pass,1
610,54,58.0,65,63.5,100.0,18.0,Pass,1
611,55,1.0,65,41.0,93.3,23.0,Pass,1
612,55,6.0,65,37.9,38.0,28.0,Dispossessed,50
428,55,6.0,833,62.1,62.0,133808.0,Tackle,7
429,55,7.0,833,67.1,59.0,133808.0,BallRecovery,49
630,55,7.0,65,29.3,39.1,28.0,Error,51
430,55,9.0,833,85.0,48.4,133808.0,SavedShot,15
613,55,9.0,65,9.1,50.6,1.0,Save,10
614,55,13.0,65,17.0,60.0,23.0,BallRecovery,49
615,55,13.0,65,17.0,60.0,23.0,Pass,1
616,55,15.0,65,22.1,28.0,28.0,Pass,1
617,55,18.0,65,42.0,15.5,21.0,Pass,1
431,55,24.0,833,12.5,80.5,135098.0,BallRecovery,49
432,55,25.0,833,11.2,79.6,135098.0,Pass,1
433,55,26.0,833,3.2,49.9,109930.0,Pass,1
434,55,28.0,833,12.6,46.6,101130.0,Pass,1
435,55,30.0,833,21.5,92.6,135098.0,Pass,1
436,55,31.0,833,24.4,83.2,125246.0,Pass,1
618,55,32.0,65,69.1,12.9,21.0,Interception,8
619,55,32.0,65,69.6,13.1,21.0,BallRecovery,49
620,55,33.0,65,70.0,13.8,21.0,Pass,1
621,55,36.0,65,78.8,32.2,16.0,Pass,1
622,55,39.0,65,85.1,54.9,11.0,SavedShot,15
437,55,39.0,833,1.4,48.1,109930.0,Save,10
623,55,41.0,65,98.0,71.1,9.0,Pass,1
438,55,41.0,833,2.5,28.0,14085.0,BlockedPass,74
439,55,43.0,833,2.3,29.5,14085.0,CornerAwarded,6
624,55,43.0,65,97.7,70.5,9.0,CornerAwarded,6
625,56,15.0,65,99.5,99.5,11.0,Pass,1
626,56,19.0,65,95.0,32.5,21.0,Pass,1
440,56,21.0,833,10.2,67.0,135098.0,BallRecovery,49
441,56,22.0,833,10.8,69.0,135098.0,Pass,1
442,56,28.0,833,62.5,73.9,133808.0,Pass,1
443,56,39.0,833,77.4,88.6,135098.0,Pass,1
444,56,41.0,833,77.6,96.6,133808.0,Pass,1
445,56,41.0,833,70.0,95.6,118898.0,Pass,1
446,56,44.0,833,60.2,90.9,316957.0,TakeOn,3
627,56,44.0,65,39.8,9.1,7.0,Challenge,45
447,56,46.0,833,59.8,93.6,316957.0,Dispossessed,50
628,56,46.0,65,40.2,6.4,7.0,Tackle,7
448,56,47.0,833,58.4,97.1,118898.0,Foul,4
629,56,47.0,65,41.6,2.9,5.0,Foul,4
449,57,20.0,833,61.0,91.8,316957.0,Pass,1
450,57,23.0,833,55.9,17.1,125246.0,Pass,1
451,57,27.0,833,99.4,3.8,273453.0,Pass,1
452,57,29.0,833,85.3,6.4,14085.0,Pass,1
631,57,30.0,65,9.6,55.5,4.0,Clearance,12
453,57,31.0,833,80.8,43.3,402086.0,Pass,1
454,57,32.0,833,92.0,45.7,303800.0,BallTouch,61
632,57,34.0,65,11.9,61.2,23.0,BallTouch,61
633,57,35.0,65,9.2,56.3,4.0,BallRecovery,49
634,57,36.0,65,9.2,56.3,4.0,Pass,1
455,57,40.0,833,45.7,55.5,316957.0,Pass,1
456,57,41.0,833,40.7,28.5,101130.0,BallRecovery,49
457,57,43.0,833,39.2,31.0,101130.0,Pass,1
458,57,47.0,833,59.1,19.8,125246.0,Pass,1
459,57,52.0,833,71.0,18.0,273453.0,Pass,1
460,57,53.0,833,73.2,30.6,303800.0,Pass,1
635,57,53.0,65,25.1,69.7,23.0,Interception,8
461,57,55.0,833,58.2,39.4,402086.0,Pass,1
462,57,56.0,833,54.0,50.7,118898.0,Pass,1
463,57,59.0,833,51.2,77.3,135098.0,Pass,1
636,58,0.0,65,46.9,20.9,11.0,BallTouch,61
637,58,1.0,65,57.7,34.9,7.0,Pass,1
638,58,3.0,65,55.1,35.1,21.0,BallRecovery,49
639,58,4.0,65,60.5,39.5,21.0,Pass,1
640,58,9.0,65,79.6,5.0,28.0,Pass,1
641,58,13.0,65,73.1,30.9,7.0,Pass,1
642,58,16.0,65,71.0,56.0,16.0,Pass,1
643,58,18.0,65,67.1,73.8,18.0,Pass,1
644,58,21.0,65,80.4,90.2,9.0,Pass,1
645,58,22.0,65,72.5,86.6,18.0,Pass,1
646,58,25.0,65,55.4,59.1,23.0,Pass,1
647,58,27.0,65,56.2,27.9,4.0,Pass,1
648,58,30.0,65,71.1,2.9,28.0,Pass,1
649,58,32.0,65,69.7,8.0,11.0,Pass,1
650,58,37.0,65,63.4,63.4,23.0,Pass,1
651,58,40.0,65,59.2,35.1,4.0,Pass,1
652,58,45.0,65,66.4,24.4,11.0,Pass,1
653,58,47.0,65,63.0,44.0,5.0,Pass,1
654,58,49.0,65,69.1,61.8,18.0,Pass,1
655,58,51.0,65,77.0,49.7,7.0,Pass,1
464,58,55.0,833,6.1,30.7,109930.0,BallRecovery,49
465,59,0.0,833,9.6,36.3,109930.0,Pass,1
466,59,3.0,833,14.6,25.2,101130.0,Pass,1
467,59,5.0,833,20.6,14.0,14085.0,Pass,1
468,59,6.0,833,20.0,24.6,101130.0,Pass,1
469,59,7.0,833,27.2,23.1,402086.0,Pass,1
470,59,8.0,833,18.8,13.1,14085.0,Pass,1
471,59,9.0,833,24.2,7.4,402086.0,TakeOn,3
656,59,9.0,65,75.8,92.6,5.0,Tackle,7
473,59,14.0,833,21.4,0.0,14085.0,Pass,1
474,59,16.0,833,13.5,14.7,101130.0,Pass,1
475,59,21.0,833,54.5,11.4,303800.0,BallTouch,61
476,59,24.0,833,53.0,13.9,273453.0,Foul,4
658,59,24.0,65,47.0,86.1,5.0,Foul,4
477,60,2.0,833,53.0,16.2,402086.0,Pass,1
478,60,3.0,833,40.6,24.1,101130.0,Pass,1
479,60,4.0,833,56.6,33.7,118898.0,Pass,1
480,60,6.0,833,64.7,31.5,14085.0,Pass,1
481,60,8.0,833,63.1,41.8,125246.0,Pass,1
659,60,11.0,65,2.2,72.4,1.0,BallRecovery,49
660,60,17.0,65,3.7,67.0,1.0,Pass,1
661,60,22.0,65,24.8,31.6,4.0,Pass,1
662,60,25.0,65,28.1,1.4,28.0,Pass,1
663,60,29.0,65,59.6,6.8,21.0,Pass,1
664,60,34.0,65,91.3,23.1,11.0,Pass,1
482,60,34.0,833,7.5,73.9,316957.0,BlockedPass,74
483,60,37.0,833,7.9,74.5,135098.0,Clearance,12
484,60,40.0,833,29.0,72.1,402086.0,Pass,1
485,60,41.0,833,26.0,73.2,118898.0,BallRecovery,49
486,60,42.0,833,26.2,72.6,118898.0,Pass,1
487,60,45.0,833,39.8,67.0,273453.0,Pass,1
488,60,46.0,833,43.0,67.3,303800.0,TakeOn,3
665,60,46.0,65,57.0,32.7,28.0,Tackle,7
666,60,47.0,65,56.3,34.3,28.0,Pass,1
667,60,48.0,65,57.7,37.7,5.0,BallRecovery,49
668,60,49.0,65,57.7,37.7,5.0,Pass,1
669,60,50.0,65,60.5,34.5,7.0,Pass,1
670,60,54.0,65,75.8,75.3,18.0,Pass,1
671,60,56.0,65,81.2,59.0,16.0,BallTouch,61
489,60,57.0,833,17.5,52.1,316957.0,BallRecovery,49
490,60,57.0,833,17.3,52.2,316957.0,Pass,1
491,60,59.0,833,24.8,44.5,125246.0,Pass,1
492,61,1.0,833,21.4,37.3,402086.0,Pass,1
493,61,2.0,833,17.4,32.2,14085.0,Pass,1
494,61,3.0,833,22.6,37.3,125246.0,Pass,1
495,61,6.0,833,1.9,42.5,109930.0,Pass,1
673,61,29.0,65,67.8,100.0,18.0,Pass,1
674,61,30.0,65,64.8,89.9,5.0,Pass,1
675,61,32.0,65,64.6,98.0,18.0,Pass,1
676,61,33.0,65,40.9,88.1,23.0,Pass,1
677,61,40.0,65,51.7,46.1,4.0,Pass,1
678,61,44.0,65,53.2,56.7,21.0,Pass,1
679,61,49.0,65,60.0,88.7,23.0,Pass,1
680,61,52.0,65,73.7,69.3,16.0,Pass,1
681,61,55.0,65,80.9,50.6,7.0,MissedShots,13
498,62,17.0,833,3.7,49.9,109930.0,Pass,1
747,62,18.0,65,59.5,71.2,18.0,BallTouch,61
748,62,19.0,65,63.0,65.5,5.0,Pass,1
499,62,21.0,833,41.1,64.4,133808.0,Dispossessed,50
683,62,21.0,65,58.9,35.6,21.0,Tackle,7
501,62,35.0,833,49.1,100.0,135098.0,Pass,1
502,62,40.0,833,82.2,70.2,133808.0,Pass,1
503,62,42.0,833,76.6,56.9,303800.0,BallTouch,61
687,62,47.0,65,24.4,45.6,5.0,Foul,4
505,62,47.0,833,75.6,54.4,303800.0,Foul,4
688,63,0.0,65,25.9,37.4,4.0,Pass,1
689,63,8.0,65,42.1,69.0,23.0,Pass,1
690,63,12.0,65,39.8,35.5,4.0,Pass,1
691,63,15.0,65,43.1,4.0,28.0,Pass,1
506,63,16.0,833,53.4,96.6,133808.0,BallTouch,61
693,63,26.0,65,47.4,0.0,28.0,Pass,1
694,63,28.0,65,32.8,13.7,21.0,Pass,1
695,63,29.0,65,24.0,30.6,4.0,Pass,1
696,63,36.0,65,32.7,69.6,23.0,Pass,1
697,63,40.0,65,52.9,73.0,16.0,Pass,1
698,63,42.0,65,47.9,85.3,18.0,Pass,1
699,63,44.0,65,35.4,76.3,23.0,Pass,1
700,63,46.0,65,36.3,40.0,4.0,Pass,1
701,63,50.0,65,45.0,15.8,21.0,Pass,1
702,63,55.0,65,63.3,7.4,28.0,Pass,1
703,63,59.0,65,71.3,17.6,11.0,BallTouch,61
508,64,0.0,833,31.8,69.7,118898.0,BallRecovery,49
509,64,1.0,833,30.9,69.0,118898.0,Pass,1
510,64,3.0,833,27.6,58.4,402086.0,Pass,1
511,64,9.0,833,22.1,3.2,14085.0,Pass,1
512,64,11.0,833,59.9,20.2,303800.0,Aerial,44
704,64,11.0,65,40.1,79.8,23.0,Aerial,44
513,64,12.0,833,60.9,20.0,303800.0,BallTouch,61
705,64,13.0,65,45.7,74.7,5.0,Pass,1
706,64,15.0,65,41.9,82.9,18.0,BallRecovery,49
707,64,15.0,65,41.9,82.9,18.0,Pass,1
708,64,16.0,65,39.7,67.8,23.0,Pass,1
709,64,21.0,65,54.0,46.3,21.0,Pass,1
710,64,24.0,65,56.9,73.0,16.0,Pass,1
711,64,27.0,65,62.0,92.6,18.0,Pass,1
712,64,29.0,65,55.6,85.9,16.0,Pass,1
713,64,31.0,65,52.5,45.8,4.0,Pass,1
714,64,32.0,65,61.1,53.6,5.0,Pass,1
715,64,33.0,65,54.2,41.9,4.0,Pass,1
716,64,36.0,65,52.1,69.3,23.0,Pass,1
717,64,38.0,65,57.4,54.6,5.0,Pass,1
718,64,41.0,65,53.5,41.0,4.0,Pass,1
719,64,48.0,65,60.0,69.6,23.0,Pass,1
720,64,50.0,65,63.3,62.6,5.0,Pass,1
721,64,53.0,65,78.4,90.5,9.0,Pass,1
722,64,55.0,65,70.9,81.1,16.0,Pass,1
723,65,0.0,65,56.9,46.1,4.0,Pass,1
724,65,2.0,65,56.6,71.4,23.0,Pass,1
725,65,12.0,65,55.4,41.6,21.0,Pass,1
726,65,13.0,65,52.2,22.8,28.0,Pass,1
727,65,15.0,65,52.1,36.1,21.0,Pass,1
728,65,16.0,65,62.2,17.3,5.0,Pass,1
729,65,18.0,65,64.3,1.9,11.0,Pass,1
730,65,22.0,65,64.1,21.6,21.0,Pass,1
731,65,25.0,65,67.7,14.7,11.0,Pass,1
732,65,26.0,65,71.4,27.0,9.0,Pass,1
733,65,27.0,65,69.1,23.0,5.0,Pass,1
514,65,28.0,833,35.0,72.2,303800.0,TakeOn,3
734,65,28.0,65,65.0,27.8,21.0,Tackle,7
735,65,30.0,65,57.2,38.0,4.0,Pass,1
736,65,32.0,65,64.6,37.4,9.0,Pass,1
737,65,34.0,65,62.6,26.4,5.0,Pass,1
738,65,35.0,65,74.4,8.8,11.0,Pass,1
739,65,38.0,65,94.5,9.4,9.0,BallTouch,61
516,65,55.0,833,3.5,53.6,109930.0,Pass,1
517,65,56.0,833,22.1,24.8,14085.0,Pass,1
518,65,57.0,833,27.5,48.9,125246.0,Pass,1
741,65,58.0,65,43.3,79.7,18.0,BallRecovery,49
742,65,58.0,65,43.3,79.7,18.0,Pass,1
743,66,3.0,65,18.7,24.9,1.0,Pass,1
744,66,8.0,65,39.1,30.4,4.0,Pass,1
745,66,13.0,65,47.1,77.0,23.0,Pass,1
746,66,19.0,65,77.3,61.1,16.0,SavedShot,15
520,66,19.0,833,1.2,47.6,109930.0,Save,10
519,66,23.0,833,1.2,47.6,109930.0,KeeperPickup,52
749,66,41.0,65,71.4,9.9,28.0,BallRecovery,49
521,66,42.0,833,1.2,47.6,109930.0,Pass,1
760,66,42.0,65,72.1,10.6,28.0,Pass,1
750,66,44.0,65,73.5,19.6,21.0,Pass,1
522,66,47.0,833,21.5,77.2,118898.0,BallTouch,61
523,66,48.0,833,2.8,85.1,316957.0,BallRecovery,49
524,66,48.0,833,3.2,84.8,316957.0,Pass,1
525,66,51.0,833,13.5,96.6,118898.0,Pass,1
526,66,59.0,833,24.1,67.9,402086.0,Pass,1
527,67,1.0,833,13.1,42.4,101130.0,Pass,1
751,67,2.0,65,66.7,92.6,18.0,BallRecovery,49
752,67,3.0,65,70.0,95.8,18.0,TakeOn,3
528,67,3.0,833,30.0,4.2,14085.0,Tackle,7
754,67,11.0,65,65.3,100.0,18.0,Pass,1
755,67,14.0,65,51.1,89.1,23.0,Pass,1
756,67,19.0,65,46.5,53.4,4.0,Pass,1
757,67,25.0,65,57.1,84.5,23.0,Pass,1
530,67,30.0,833,3.1,21.8,109930.0,BallRecovery,49
531,67,33.0,833,6.6,26.5,109930.0,Pass,1
532,67,34.0,833,9.8,21.8,101130.0,Pass,1
533,67,36.0,833,20.8,32.1,125246.0,Pass,1
534,67,39.0,833,38.6,14.8,14085.0,Foul,4
758,67,39.0,65,61.4,85.2,5.0,Foul,4
759,67,41.0,65,0.0,0.0,5.0,Card,17
535,68,9.0,833,46.2,19.1,101130.0,Pass,1
536,68,11.0,833,36.8,28.2,125246.0,Pass,1
537,68,14.0,833,40.6,75.1,316957.0,Pass,1
538,68,18.0,833,43.5,73.9,133808.0,Pass,1
539,68,19.0,833,38.1,71.1,118898.0,Pass,1
540,68,25.0,833,70.0,93.3,135098.0,Pass,1
541,68,26.0,833,63.8,93.6,118898.0,Pass,1
542,68,28.0,833,79.6,82.4,133808.0,Dispossessed,50
761,68,28.0,65,20.4,17.6,4.0,Tackle,7
762,68,30.0,65,23.3,13.8,9.0,BallRecovery,49
763,68,30.0,65,23.3,13.8,9.0,Pass,1
764,68,32.0,65,17.6,10.4,4.0,Foul,4
543,68,32.0,833,82.4,89.6,133808.0,Foul,4
765,68,41.0,65,20.2,9.8,4.0,Pass,1
766,68,43.0,65,4.6,46.6,1.0,Pass,1
767,68,46.0,65,20.0,69.6,23.0,Pass,1
768,68,49.0,65,28.9,47.6,5.0,Pass,1
769,68,54.0,65,55.3,31.2,21.0,Pass,1
770,68,56.0,65,55.6,56.4,16.0,Pass,1
771,69,1.0,65,50.8,67.0,23.0,Pass,1
772,69,4.0,65,46.6,42.1,4.0,Pass,1
773,69,8.0,65,55.1,25.0,21.0,Pass,1
774,69,9.0,65,65.0,17.0,9.0,Pass,1
775,69,11.0,65,76.0,4.7,28.0,Pass,1
544,69,17.0,833,8.4,6.2,14085.0,Clearance,12
777,69,24.0,65,76.3,100.0,18.0,Pass,1
778,69,25.0,65,72.6,91.1,5.0,Pass,1
779,69,27.0,65,73.6,97.7,18.0,Pass,1
780,69,31.0,65,46.1,76.7,23.0,Pass,1
781,69,35.0,65,53.9,49.0,4.0,Pass,1
782,69,38.0,65,53.7,73.2,23.0,Pass,1
783,69,40.0,65,58.2,89.6,18.0,Pass,1
546,69,41.0,833,44.3,8.8,273453.0,BallTouch,61
784,69,43.0,65,48.3,88.3,18.0,Pass,1
785,69,46.0,65,39.2,70.6,23.0,Pass,1
786,69,49.0,65,34.9,33.7,4.0,Pass,1
787,69,54.0,65,48.3,27.9,21.0,Pass,1
788,69,55.0,65,63.0,38.2,7.0,Pass,1
789,69,57.0,65,69.8,28.6,9.0,Pass,1
790,70,1.0,65,85.1,3.7,28.0,Pass,1
547,70,2.0,833,15.2,86.2,135098.0,BallTouch,61
548,70,7.0,833,27.9,97.9,133808.0,Dispossessed,50
791,70,7.0,65,72.1,2.1,28.0,Tackle,7
550,70,29.0,833,28.5,100.0,135098.0,Pass,1
793,70,31.0,65,73.2,49.4,16.0,BallRecovery,49
794,70,31.0,65,73.2,49.4,16.0,Pass,1
795,70,34.0,65,80.3,29.7,21.0,Pass,1
551,70,38.0,833,4.3,51.3,109930.0,Claim,11
552,70,47.0,833,10.0,48.7,109930.0,Pass,1
553,70,50.0,833,21.6,72.0,316957.0,Pass,1
554,70,55.0,833,31.3,67.6,118898.0,Pass,1
555,70,59.0,833,32.5,26.8,101130.0,Pass,1
797,71,4.0,65,36.1,100.0,18.0,Pass,1
798,71,8.0,65,24.5,80.0,23.0,Pass,1
799,71,8.0,65,32.6,69.3,5.0,Pass,1
800,71,9.0,65,22.1,80.0,23.0,Pass,1
801,71,13.0,65,9.9,55.7,1.0,Pass,1
802,71,18.0,65,32.3,31.0,4.0,Pass,1
803,71,21.0,65,21.5,51.2,1.0,Pass,1
804,71,23.0,65,24.7,68.5,23.0,Pass,1
805,71,29.0,65,19.6,56.9,1.0,Pass,1
806,71,31.0,65,37.5,51.5,16.0,Pass,1
807,71,41.0,65,92.6,26.2,9.0,Pass,1
557,71,43.0,833,6.8,58.1,316957.0,BallRecovery,49
558,71,43.0,833,6.8,58.2,316957.0,Pass,1
559,71,48.0,833,10.0,95.4,133808.0,TakeOn,3
808,71,48.0,65,90.0,4.6,28.0,Tackle,7
809,71,49.0,65,91.7,1.9,28.0,BallRecovery,49
810,71,49.0,65,91.7,1.9,28.0,Pass,1
811,71,51.0,65,84.3,5.8,16.0,Pass,1
812,71,53.0,65,73.3,8.6,21.0,Pass,1
813,72,1.0,65,61.9,52.8,23.0,Pass,1
814,72,4.0,65,69.5,26.5,21.0,Pass,1
815,72,6.0,65,71.2,25.8,9.0,Pass,1
560,72,8.0,833,28.8,73.6,125246.0,Challenge,45
816,72,8.0,65,71.2,26.4,21.0,TakeOn,3
817,72,10.0,65,79.2,19.5,21.0,Pass,1
818,72,12.0,65,77.1,3.1,28.0,Pass,1
819,72,13.0,65,75.1,9.4,9.0,Pass,1
820,72,15.0,65,71.9,6.4,28.0,Pass,1
821,72,17.0,65,71.1,32.2,5.0,Pass,1
561,72,19.0,833,25.4,59.5,402086.0,Challenge,45
822,72,19.0,65,74.6,40.5,16.0,TakeOn,3
823,72,25.0,65,97.4,69.1,16.0,Pass,1
562,72,25.0,833,9.5,27.6,273453.0,BlockedPass,74
824,72,27.0,65,98.8,73.3,18.0,Pass,1
563,72,27.0,833,5.0,29.8,14085.0,BlockedPass,74
564,72,29.0,833,3.6,29.3,14085.0,CornerAwarded,6
825,72,29.0,65,96.4,70.7,18.0,CornerAwarded,6
826,73,10.0,65,99.5,99.5,11.0,Pass,1
827,73,13.0,65,92.2,93.2,16.0,Pass,1
828,73,17.0,65,78.3,73.5,18.0,MissedShots,13
830,73,45.0,65,0.0,0.0,11.0,SubstitutionOff,18
831,73,45.0,65,0.0,0.0,17.0,SubstitutionOn,19
566,73,59.0,833,0.0,0.0,402086.0,SubstitutionOff,18
567,73,59.0,833,0.0,0.0,402087.0,SubstitutionOn,19
568,74,15.0,833,0.0,0.0,133808.0,SubstitutionOff,18
569,74,15.0,833,0.0,0.0,142114.0,SubstitutionOn,19
570,74,27.0,833,4.5,50.1,109930.0,Pass,1
571,74,31.0,833,14.4,16.5,101130.0,Pass,1
572,74,39.0,833,87.1,7.4,303800.0,Pass,1
573,74,42.0,833,78.0,8.3,273453.0,Pass,1
832,74,45.0,65,18.8,12.5,17.0,BallRecovery,49
833,74,49.0,65,29.5,2.3,17.0,Pass,1
834,74,51.0,65,25.3,13.2,28.0,Pass,1
835,74,54.0,65,13.6,36.1,4.0,Pass,1
836,75,3.0,65,34.0,71.5,23.0,Pass,1
837,75,11.0,65,40.8,39.2,4.0,Pass,1
838,75,13.0,65,37.1,63.4,23.0,Pass,1
839,75,17.0,65,18.8,52.2,1.0,Pass,1
840,75,21.0,65,29.6,94.4,23.0,Pass,1
841,75,23.0,65,36.0,96.9,18.0,Pass,1
842,75,25.0,65,44.2,67.3,5.0,Pass,1
843,75,28.0,65,47.7,34.2,21.0,Pass,1
844,75,30.0,65,55.6,23.1,17.0,Pass,1
845,75,31.0,65,46.9,31.5,21.0,Pass,1
846,75,38.0,65,53.7,34.9,5.0,Foul,4
574,75,38.0,833,46.3,65.1,142114.0,Foul,4
847,75,40.0,65,50.7,37.3,5.0,Pass,1
848,75,44.0,65,77.2,61.5,17.0,Pass,1
849,75,46.0,65,73.6,75.4,18.0,Pass,1
850,75,49.0,65,68.6,64.3,16.0,Pass,1
851,75,50.0,65,68.8,41.8,5.0,Pass,1
852,75,54.0,65,78.0,25.9,21.0,Pass,1
853,75,56.0,65,86.5,7.1,28.0,Pass,1
576,75,58.0,833,12.6,85.3,402087.0,CornerAwarded,6
854,75,58.0,65,87.4,14.7,28.0,CornerAwarded,6
575,75,59.0,833,12.5,85.0,402087.0,BallTouch,61
855,76,18.0,65,99.5,0.5,17.0,Pass,1
856,76,21.0,65,92.8,3.7,16.0,Pass,1
857,76,22.0,65,84.3,9.7,17.0,Pass,1
858,76,25.0,65,70.9,47.6,5.0,Pass,1
859,76,28.0,65,81.5,81.7,18.0,Pass,1
577,76,31.0,833,6.4,55.1,402087.0,Clearance,12
578,76,33.0,833,18.2,49.9,273453.0,Clearance,12
860,76,33.0,65,68.0,63.3,5.0,Pass,1
861,76,34.0,65,70.9,56.1,16.0,Pass,1
862,76,37.0,65,59.6,36.0,28.0,Pass,1
863,76,43.0,65,73.6,19.8,17.0,Pass,1
864,76,47.0,65,65.4,14.3,28.0,Pass,1
865,76,51.0,65,82.5,4.8,17.0,TakeOn,3
579,76,51.0,833,17.5,95.2,402087.0,Tackle,7
867,77,15.0,65,79.7,0.0,28.0,Pass,1
582,77,36.0,833,4.1,54.8,109930.0,Pass,1
583,77,37.0,833,9.4,27.7,101130.0,Pass,1
584,77,39.0,833,3.5,57.3,109930.0,Pass,1
585,77,43.0,833,28.0,84.2,135098.0,Pass,1
586,77,45.0,833,32.2,94.7,402087.0,Pass,1
869,77,46.0,65,77.6,14.9,17.0,BallRecovery,49
870,77,47.0,65,81.2,22.1,17.0,Pass,1
871,77,49.0,65,85.0,31.2,7.0,Pass,1
587,77,50.0,833,10.2,71.1,135098.0,BallRecovery,49
588,77,50.0,833,10.3,71.7,135098.0,Pass,1
589,77,56.0,833,27.4,90.3,402087.0,Pass,1
590,77,58.0,833,24.8,82.6,118898.0,Pass,1
591,77,59.0,833,23.5,90.6,135098.0,Pass,1
592,77,59.0,833,29.6,86.4,118898.0,TakeOn,3
872,77,59.0,65,70.4,13.6,21.0,Challenge,45
593,78,1.0,833,39.6,81.4,118898.0,Pass,1
594,78,11.0,833,44.0,66.9,125246.0,Pass,1
595,78,12.0,833,59.6,20.0,14085.0,Pass,1
596,78,16.0,833,73.9,18.8,303800.0,Pass,1
597,78,18.0,833,77.1,5.5,14085.0,Pass,1
598,78,20.0,833,60.6,15.6,118898.0,Pass,1
599,78,21.0,833,56.8,36.6,142114.0,Pass,1
600,78,24.0,833,56.0,24.1,118898.0,Pass,1
601,78,25.0,833,45.1,36.4,101130.0,Pass,1
602,78,28.0,833,45.3,73.9,316957.0,Pass,1
603,78,29.0,833,53.9,96.9,135098.0,Pass,1
873,78,29.0,65,45.5,2.3,17.0,BlockedPass,74
604,78,30.0,833,54.9,96.9,135098.0,BallTouch,61
875,78,48.0,65,43.3,0.0,28.0,Pass,1
876,78,51.0,65,38.1,2.8,21.0,Pass,1
877,78,55.0,65,16.5,30.0,4.0,Pass,1
878,79,2.0,65,38.4,66.3,23.0,Pass,1
879,79,3.0,65,48.3,66.1,16.0,Pass,1
880,79,5.0,65,40.1,58.5,5.0,Pass,1
881,79,6.0,65,48.5,42.5,21.0,Pass,1
882,79,9.0,65,61.0,54.9,16.0,Foul,4
606,79,9.0,833,39.0,45.1,118898.0,Foul,4
883,79,49.0,65,60.8,50.0,5.0,Pass,1
884,79,50.0,65,58.6,33.3,4.0,Pass,1
885,79,54.0,65,58.3,19.2,28.0,Pass,1
886,79,55.0,65,47.5,31.6,4.0,Pass,1
887,80,0.0,65,46.9,67.3,23.0,Pass,1
888,80,4.0,65,51.5,33.1,4.0,Pass,1
889,80,6.0,65,60.5,30.6,21.0,Pass,1
890,80,9.0,65,46.3,10.9,28.0,Pass,1
891,80,12.0,65,24.1,46.7,1.0,Pass,1
892,80,17.0,65,30.2,67.6,23.0,Pass,1
893,80,20.0,65,50.8,55.1,7.0,Pass,1
894,80,22.0,65,48.6,41.5,5.0,Pass,1
895,80,27.0,65,78.9,26.1,17.0,Pass,1
896,80,31.0,65,77.6,13.5,28.0,Pass,1
897,80,32.0,65,80.4,21.8,21.0,Pass,1
898,80,34.0,65,78.4,5.2,17.0,Pass,1
899,80,37.0,65,74.3,46.9,16.0,Pass,1
900,80,39.0,65,77.9,82.0,18.0,Pass,1
901,80,41.0,65,78.6,78.2,9.0,Pass,1
607,80,43.0,833,7.7,16.7,14085.0,Clearance,12
903,80,54.0,65,94.9,100.0,18.0,Pass,1
904,80,58.0,65,81.1,94.2,16.0,BallTouch,61
610,81,21.0,833,0.0,0.0,118898.0,SubstitutionOff,18
611,81,21.0,833,0.0,0.0,14189.0,SubstitutionOn,19
612,81,30.0,833,32.1,0.0,14085.0,Pass,1
613,81,32.0,833,35.9,9.8,14189.0,Pass,1
614,81,36.0,833,24.6,31.3,14085.0,Pass,1
615,81,38.0,833,7.5,47.6,109930.0,Pass,1
616,81,42.0,833,26.7,77.3,135098.0,Pass,1
617,81,43.0,833,34.7,96.3,402087.0,Pass,1
618,81,46.0,833,31.7,95.4,135098.0,Pass,1
906,81,46.0,65,57.5,12.5,4.0,Interception,8
619,81,52.0,833,22.3,80.9,135098.0,Pass,1
620,81,53.0,833,8.6,86.6,316957.0,Pass,1
907,81,56.0,65,55.8,8.9,4.0,Pass,1
621,82,0.0,833,22.5,78.2,135098.0,Pass,1
622,82,3.0,833,31.8,80.3,402087.0,Dispossessed,50
908,82,3.0,65,68.2,19.7,28.0,Tackle,7
909,82,4.0,65,68.8,16.8,5.0,BallRecovery,49
910,82,4.0,65,68.8,16.8,5.0,Pass,1
911,82,9.0,65,90.2,26.8,17.0,SavedShot,15
623,82,9.0,833,0.8,50.3,109930.0,Save,10
624,82,13.0,833,8.5,28.6,14085.0,BallRecovery,49
625,82,13.0,833,8.7,28.6,14085.0,Pass,1
626,82,15.0,833,29.0,11.1,273453.0,Pass,1
627,82,19.0,833,39.8,10.9,303800.0,BallTouch,61
912,82,21.0,65,60.5,89.7,18.0,BallRecovery,49
913,82,21.0,65,60.5,89.7,18.0,Pass,1
914,82,24.0,65,78.3,88.0,9.0,Pass,1
915,82,25.0,65,73.8,82.6,18.0,Pass,1
916,82,26.0,65,73.0,66.1,21.0,Pass,1
917,82,29.0,65,65.8,70.2,16.0,Pass,1
918,82,38.0,65,49.2,47.6,4.0,Pass,1
919,82,43.0,65,21.4,51.3,1.0,Pass,1
920,82,46.0,65,28.3,74.5,23.0,Pass,1
921,82,48.0,65,14.6,53.1,1.0,Pass,1
922,82,53.0,65,33.5,29.4,4.0,Pass,1
923,82,56.0,65,29.5,34.0,5.0,Pass,1
924,82,57.0,65,36.1,36.6,21.0,Pass,1
925,83,2.0,65,33.7,68.8,23.0,Pass,1
926,83,3.0,65,38.5,62.1,21.0,Pass,1
927,83,6.0,65,30.5,71.2,23.0,Pass,1
928,83,10.0,65,44.1,32.7,4.0,Pass,1
929,83,12.0,65,53.3,16.8,17.0,Pass,1
930,83,14.0,65,56.2,4.4,28.0,Pass,1
931,83,18.0,65,64.8,4.9,16.0,Pass,1
932,83,20.0,65,61.3,2.2,17.0,Pass,1
933,83,22.0,65,57.7,8.8,16.0,Pass,1
934,83,25.0,65,52.0,7.6,5.0,Pass,1
935,83,26.0,65,59.0,11.4,28.0,Pass,1
936,83,27.0,65,57.8,2.3,5.0,Pass,1
937,83,32.0,65,68.5,22.8,17.0,Pass,1
938,83,34.0,65,77.4,41.0,7.0,Pass,1
939,83,36.0,65,70.0,38.6,17.0,BallTouch,61
628,83,36.0,833,26.1,47.9,101130.0,Pass,1
629,83,40.0,833,27.0,55.3,125246.0,Foul,4
940,83,40.0,65,73.0,44.7,7.0,Foul,4
941,83,46.0,65,0.0,0.0,7.0,Card,17
630,84,17.0,833,26.7,50.0,109930.0,Pass,1
631,84,18.0,833,32.7,74.2,316957.0,Pass,1
632,84,19.0,833,44.4,73.2,14189.0,BallTouch,61
942,84,20.0,65,62.7,32.1,4.0,BallRecovery,49
943,84,21.0,65,62.7,32.1,4.0,Pass,1
944,84,22.0,65,58.1,39.2,5.0,Pass,1
945,84,24.0,65,68.8,53.6,16.0,Pass,1
634,84,27.0,833,12.0,44.5,109930.0,KeeperPickup,52
635,84,33.0,833,12.8,39.1,109930.0,Pass,1
636,84,36.0,833,58.2,16.7,303800.0,Foul,4
946,84,36.0,65,41.8,83.3,23.0,Foul,4
637,85,12.0,833,61.5,8.8,14085.0,Pass,1
947,85,15.0,65,10.8,42.8,1.0,Claim,11
948,85,22.0,65,12.6,45.7,1.0,Pass,1
638,85,26.0,833,76.0,16.2,273453.0,Challenge,45
949,85,26.0,65,24.0,83.8,18.0,TakeOn,3
950,85,28.0,65,27.0,68.1,18.0,Pass,1
951,85,32.0,65,52.2,40.7,21.0,Pass,1
952,85,38.0,65,78.9,5.5,17.0,Pass,1
953,85,40.0,65,68.9,19.2,21.0,Pass,1
954,85,44.0,65,57.5,33.4,5.0,Pass,1
955,85,48.0,65,54.2,67.6,23.0,Pass,1
956,85,50.0,65,68.3,55.4,16.0,Pass,1
957,85,54.0,65,93.6,72.1,7.0,Pass,1
958,85,57.0,65,93.2,49.3,17.0,Aerial,44
640,85,57.0,833,6.8,50.7,135098.0,Aerial,44
959,85,58.0,65,91.8,47.9,17.0,SavedShot,15
639,85,58.0,833,1.6,50.3,109930.0,Save,10
641,86,1.0,833,9.8,73.9,402087.0,BallRecovery,49
642,86,1.0,833,10.1,72.9,402087.0,Pass,1
961,86,40.0,65,0.0,0.0,16.0,SubstitutionOff,18
962,86,40.0,65,0.0,0.0,12.0,SubstitutionOn,19
963,86,45.0,65,54.2,100.0,18.0,Pass,1
964,86,47.0,65,51.9,89.6,5.0,Pass,1
645,86,59.0,833,57.9,0.0,14085.0,Pass,1
646,87,1.0,833,55.6,12.0,14189.0,Pass,1
647,87,2.0,833,46.6,4.0,14085.0,Pass,1
648,87,5.0,833,27.7,13.7,101130.0,Pass,1
649,87,8.0,833,3.3,30.7,109930.0,Pass,1
650,87,11.0,833,11.5,63.0,316957.0,Pass,1
651,87,13.0,833,19.2,46.7,142114.0,Pass,1
652,87,16.0,833,9.2,71.7,316957.0,Pass,1
966,87,17.0,65,91.5,28.3,7.0,BallTouch,61
967,87,20.0,65,72.2,24.7,21.0,BallTouch,61
968,87,21.0,65,66.2,19.1,28.0,BallRecovery,49
969,87,21.0,65,66.2,19.1,28.0,Pass,1
970,87,25.0,65,71.3,38.6,5.0,Pass,1
971,87,26.0,65,73.8,31.9,28.0,Pass,1
972,87,31.0,65,62.0,33.7,21.0,Dispossessed,50
653,87,31.0,833,38.0,66.3,125246.0,Tackle,7
973,87,36.0,65,46.8,5.6,28.0,Pass,1
974,87,39.0,65,17.7,42.7,1.0,Pass,1
975,87,43.0,65,26.4,61.5,23.0,Pass,1
976,87,46.0,65,17.3,48.7,1.0,Pass,1
977,87,49.0,65,29.0,50.7,5.0,Pass,1
978,87,55.0,65,59.0,86.3,23.0,Pass,1
979,87,58.0,65,54.4,64.0,12.0,Pass,1
980,88,3.0,65,61.2,19.5,21.0,Pass,1
981,88,5.0,65,57.7,10.6,28.0,Pass,1
982,88,8.0,65,44.4,37.0,4.0,Pass,1
983,88,12.0,65,43.2,45.4,5.0,Pass,1
984,88,15.0,65,51.3,29.7,4.0,Pass,1
985,88,18.0,65,60.0,18.6,17.0,Pass,1
986,88,21.0,65,57.9,7.1,28.0,Pass,1
654,88,25.0,833,19.7,75.1,142114.0,Challenge,45
987,88,25.0,65,80.3,24.9,21.0,TakeOn,3
988,88,27.0,65,98.4,36.3,21.0,Pass,1
989,88,29.0,65,94.2,54.6,12.0,Aerial,44
655,88,29.0,833,5.8,45.4,273453.0,Aerial,44
990,88,30.0,65,95.6,52.6,12.0,Goal,16
656,89,44.0,833,50.3,49.7,303800.0,Pass,1
657,89,48.0,833,46.0,91.2,14189.0,Pass,1
658,89,50.0,833,48.9,91.4,402087.0,Pass,1
659,89,52.0,833,41.4,89.4,135098.0,Pass,1
660,89,55.0,833,46.9,94.2,14189.0,Pass,1
661,89,57.0,833,30.2,77.2,316957.0,Pass,1
662,90,0.0,833,34.0,95.6,135098.0,Pass,1
663,90,1.0,833,40.6,95.6,402087.0,Dispossessed,50
991,90,1.0,65,59.4,4.4,21.0,Tackle,7
1005,90,2.0,65,63.1,4.9,17.0,Pass,1
992,90,3.0,65,62.0,9.8,12.0,BallRecovery,49
993,90,4.0,65,62.0,9.8,12.0,Pass,1
664,90,5.0,833,40.0,89.8,402087.0,Challenge,45
994,90,5.0,65,60.0,10.2,28.0,TakeOn,3
996,90,8.0,65,58.7,16.4,28.0,Foul,4
665,90,8.0,833,41.3,83.6,125246.0,Foul,4
997,90,43.0,65,58.0,10.9,28.0,Pass,1
998,90,45.0,65,21.5,87.4,23.0,Pass,1
999,90,47.0,65,9.8,52.5,1.0,Pass,1
1000,90,53.0,65,41.2,21.2,21.0,Pass,1
1001,90,57.0,65,51.8,21.9,28.0,Pass,1
1002,90,59.0,65,64.8,31.5,12.0,Pass,1
667,91,3.0,833,7.5,24.7,14085.0,Interception,8
668,91,4.0,833,6.8,24.2,14085.0,CornerAwarded,6
1003,91,4.0,65,93.2,75.8,12.0,CornerAwarded,6
1004,91,30.0,65,99.5,99.5,12.0,Pass,1
669,91,35.0,833,0.8,47.0,109930.0,KeeperPickup,52
670,91,39.0,833,12.5,36.9,109930.0,Pass,1
1006,91,42.0,65,37.5,79.7,23.0,Pass,1
1007,91,43.0,65,42.3,82.6,18.0,BallRecovery,49
1008,91,43.0,65,42.3,82.6,18.0,Pass,1
1009,91,46.0,65,48.2,93.5,12.0,Pass,1
1010,91,47.0,65,54.2,82.7,18.0,Pass,1
1011,91,49.0,65,64.4,73.9,9.0,Pass,1
1012,91,51.0,65,54.6,64.5,12.0,Pass,1
1013,91,54.0,65,72.9,43.7,21.0,Pass,1
1014,91,59.0,65,80.6,34.5,17.0,Pass,1
1015,92,1.0,65,89.9,67.5,18.0,Pass,1
1016,92,3.0,65,92.2,63.0,17.0,Dispossessed,50
671,92,3.0,833,7.8,37.0,101130.0,Tackle,7
672,92,5.0,833,6.4,26.8,14085.0,BallRecovery,49
673,92,5.0,833,6.6,26.4,14085.0,Pass,1
674,92,5.0,833,8.3,30.9,142114.0,Pass,1
1017,92,6.0,65,75.6,83.5,5.0,Interception,8
675,92,7.0,833,0.0,0.0,,End,30
1018,92,7.0,65,0.0,0.0,,End,30
1019,0,0.0,65,0.0,0.0,,End,30
676,0,0.0,833,0.0,0.0,,End,30
1,0,0.0,65,0.0,0.0,,FormationSet,34
1,0,0.0,833,0.0,0.0,,FormationSet,34
